Electricity Pricing [£/kWh],6h Prediction Electricity Pricing [£/kWh],12h Prediction Electricity Pricing [£/kWh],24h Prediction Electricity Pricing [£/kWh]
0.1821,0.2018,0.1729,0.1982
0.1757,0.2282,0.1654,0.1793
0.1742,0.2221,0.1684,0.1732
0.1738,0.1888,0.3351,0.1732
0.1758,0.1956,0.35,0.1892
0.183,0.2006,0.35,0.1968
0.2018,0.1729,0.2604,0.2414
0.2282,0.1654,0.2434,0.2741
0.2221,0.1684,0.2396,0.2637
0.1888,0.3351,0.1868,0.2501
0.1956,0.35,0.2045,0.2295
0.2006,0.35,0.1944,0.2129
0.1729,0.2604,0.1982,0.1827
0.1654,0.2434,0.1793,0.176
0.1684,0.2396,0.1732,0.1788
0.3351,0.1868,0.1732,0.3368
0.35,0.2045,0.1892,0.35
0.35,0.1944,0.1968,0.35
0.2604,0.1982,0.2414,0.2505
0.2434,0.1793,0.2741,0.2051
0.2396,0.1732,0.2637,0.1961
0.1868,0.1732,0.2501,0.1896
0.2045,0.1892,0.2295,0.2085
0.1944,0.1968,0.2129,0.1951
0.1982,0.2414,0.1827,0.1842
0.1793,0.2741,0.176,0.1744
0.1732,0.2637,0.1788,0.1678
0.1732,0.2501,0.3368,0.172
0.1892,0.2295,0.35,0.1698
0.1968,0.2129,0.35,0.1858
0.2414,0.1827,0.2505,0.1921
0.2741,0.176,0.2051,0.1973
0.2637,0.1788,0.1961,0.2455
0.2501,0.3368,0.1896,0.2525
0.2295,0.35,0.2085,0.2508
0.2129,0.35,0.1951,0.2433
0.1827,0.2505,0.1842,0.1902
0.176,0.2051,0.1744,0.1709
0.1788,0.1961,0.1678,0.1676
0.3368,0.1896,0.172,0.3119
0.35,0.2085,0.1698,0.35
0.35,0.1951,0.1858,0.35
0.2505,0.1842,0.1921,0.2384
0.2051,0.1744,0.1973,0.1973
0.1961,0.1678,0.2455,0.1957
0.1896,0.172,0.2525,0.1936
0.2085,0.1698,0.2508,0.219
0.1951,0.1858,0.2433,0.2059
0.1842,0.1921,0.1902,0.1872
0.1744,0.1973,0.1709,0.1797
0.1678,0.2455,0.1676,0.1859
0.172,0.2525,0.3119,0.1805
0.1698,0.2508,0.35,0.1764
0.1858,0.2433,0.35,0.1826
0.1921,0.1902,0.2384,0.1837
0.1973,0.1709,0.1973,0.1975
0.2455,0.1676,0.1957,0.2115
0.2525,0.3119,0.1936,0.2441
0.2508,0.35,0.219,0.2494
0.2433,0.35,0.2059,0.2494
0.1902,0.2384,0.1872,0.2078
0.1709,0.1973,0.1797,0.1778
0.1676,0.1957,0.1859,0.1772
0.3119,0.1936,0.1805,0.332
0.35,0.219,0.1764,0.35
0.35,0.2059,0.1826,0.35
0.2384,0.1872,0.1837,0.2337
0.1973,0.1797,0.1975,0.2171
0.1957,0.1859,0.2115,0.2186
0.1936,0.1805,0.2441,0.1908
0.219,0.1764,0.2494,0.1891
0.2059,0.1826,0.2494,0.151
0.1872,0.1837,0.2078,0.1465
0.1797,0.1975,0.1778,0.1429
0.1859,0.2115,0.1772,0.1433
0.1805,0.2441,0.332,0.1409
0.1764,0.2494,0.35,0.1588
0.1826,0.2494,0.35,0.1874
0.1837,0.2078,0.2337,0.2004
0.1975,0.1778,0.2171,0.1977
0.2115,0.1772,0.2186,0.2126
0.2441,0.332,0.1908,0.1947
0.2494,0.35,0.1891,0.1797
0.2494,0.35,0.151,0.215
0.2078,0.2337,0.1465,0.2161
0.1778,0.2171,0.1429,0.1829
0.1772,0.2186,0.1433,0.1839
0.332,0.1908,0.1409,0.3378
0.35,0.1891,0.1588,0.35
0.35,0.151,0.1874,0.35
0.2337,0.1465,0.2004,0.2578
0.2171,0.1429,0.1977,0.2145
0.2186,0.1433,0.2126,0.197
0.1908,0.1409,0.1947,0.2183
0.1891,0.1588,0.1797,0.2145
0.151,0.1874,0.215,0.1951
0.1465,0.2004,0.2161,0.1906
0.1429,0.1977,0.1829,0.1882
0.1433,0.2126,0.1839,0.1811
0.1409,0.1947,0.3378,0.1752
0.1588,0.1797,0.35,0.1847
0.1874,0.215,0.35,0.1883
0.2004,0.2161,0.2578,0.2059
0.1977,0.1829,0.2145,0.2492
0.2126,0.1839,0.197,0.2578
0.1947,0.3378,0.2183,0.2488
0.1797,0.35,0.2145,0.2233
0.215,0.35,0.1951,0.2185
0.2161,0.2578,0.1906,0.1863
0.1829,0.2145,0.1882,0.1741
0.1839,0.197,0.1811,0.1758
0.3378,0.2183,0.1752,0.331
0.35,0.2145,0.1847,0.35
0.35,0.1951,0.1883,0.35
0.2578,0.1906,0.2059,0.2328
0.2145,0.1882,0.2492,0.2136
0.197,0.1811,0.2578,0.2085
0.2183,0.1752,0.2488,0.199
0.2145,0.1847,0.2233,0.2045
0.1951,0.1883,0.2185,0.1858
0.1906,0.2059,0.1863,0.1861
0.1882,0.2492,0.1741,0.1812
0.1811,0.2578,0.1758,0.1821
0.1752,0.2488,0.331,0.1775
0.1847,0.2233,0.35,0.184
0.1883,0.2185,0.35,0.1947
0.2059,0.1863,0.2328,0.2053
0.2492,0.1741,0.2136,0.2183
0.2578,0.1758,0.2085,0.2315
0.2488,0.331,0.199,0.2308
0.2233,0.35,0.2045,0.2019
0.2185,0.35,0.1858,0.1984
0.1863,0.2328,0.1861,0.1808
0.1741,0.2136,0.1812,0.1785
0.1758,0.2085,0.1821,0.1742
0.331,0.199,0.1775,0.3469
0.35,0.2045,0.184,0.35
0.35,0.1858,0.1947,0.35
0.2328,0.1861,0.2053,0.2515
0.2136,0.1812,0.2183,0.2088
0.2085,0.1821,0.2315,0.2093
0.199,0.1775,0.2308,0.2051
0.2045,0.184,0.2019,0.2029
0.1858,0.1947,0.1984,0.1818
0.1861,0.2053,0.1808,0.1762
0.1812,0.2183,0.1785,0.1721
0.1821,0.2315,0.1742,0.1677
0.1775,0.2308,0.3469,0.1676
0.184,0.2019,0.35,0.1731
0.1947,0.1984,0.35,0.1875
0.2053,0.1808,0.2515,0.2128
0.2183,0.1785,0.2088,0.2132
0.2315,0.1742,0.2093,0.2244
0.2308,0.3469,0.2051,0.2052
0.2019,0.35,0.2029,0.2082
0.1984,0.35,0.1818,0.2085
0.1808,0.2515,0.1762,0.1831
0.1785,0.2088,0.1721,0.1765
0.1742,0.2093,0.1677,0.1816
0.3469,0.2051,0.1676,0.3491
0.35,0.2029,0.1731,0.35
0.35,0.1818,0.1875,0.35
0.2515,0.1762,0.2128,0.2723
0.2088,0.1721,0.2132,0.2547
0.2093,0.1677,0.2244,0.2301
0.2051,0.1676,0.2052,0.204
0.2029,0.1731,0.2082,0.2073
0.1818,0.1875,0.2085,0.1742
0.1762,0.2128,0.1831,0.1657
0.1721,0.2132,0.1765,0.1605
0.1677,0.2244,0.1816,0.1572
0.1676,0.2052,0.3491,0.1595
0.1731,0.2082,0.35,0.172
0.1875,0.2085,0.35,0.1821
0.2128,0.1831,0.2723,0.2226
0.2132,0.1765,0.2547,0.2375
0.2244,0.1816,0.2301,0.247
0.2052,0.3491,0.204,0.2381
0.2082,0.35,0.2073,0.2227
0.2085,0.35,0.1742,0.2324
0.1831,0.2723,0.1657,0.1957
0.1765,0.2547,0.1605,0.1731
0.1816,0.2301,0.1572,0.1826
0.3491,0.204,0.1595,0.3403
0.35,0.2073,0.172,0.35
0.35,0.1742,0.1821,0.35
0.2723,0.1657,0.2226,0.2477
0.2547,0.1605,0.2375,0.2294
0.2301,0.1572,0.247,0.2171
0.204,0.1595,0.2381,0.1896
0.2073,0.172,0.2227,0.2161
0.1742,0.1821,0.2324,0.2029
0.1657,0.2226,0.1957,0.197
0.1605,0.2375,0.1731,0.1913
0.1572,0.247,0.1826,0.1796
0.1595,0.2381,0.3403,0.1775
0.172,0.2227,0.35,0.1777
0.1821,0.2324,0.35,0.179
0.2226,0.1957,0.2477,0.194
0.2375,0.1731,0.2294,0.2032
0.247,0.1826,0.2171,0.2602
0.2381,0.3403,0.1896,0.2716
0.2227,0.35,0.2161,0.2733
0.2324,0.35,0.2029,0.2631
0.1957,0.2477,0.197,0.1998
0.1731,0.2294,0.1913,0.1803
0.1826,0.2171,0.1796,0.1765
0.3403,0.1896,0.1775,0.3314
0.35,0.2161,0.1777,0.35
0.35,0.2029,0.179,0.35
0.2477,0.197,0.194,0.2634
0.2294,0.1913,0.2032,0.2342
0.2171,0.1796,0.2602,0.211
0.1896,0.1775,0.2716,0.1911
0.2161,0.1777,0.2733,0.2174
0.2029,0.179,0.2631,0.1984
0.197,0.194,0.1998,0.2
0.1913,0.2032,0.1803,0.1962
0.1796,0.2602,0.1765,0.1786
0.1775,0.2716,0.3314,0.1764
0.1777,0.2733,0.35,0.1764
0.179,0.2631,0.35,0.1654
0.194,0.1998,0.2634,0.1716
0.2032,0.1803,0.2342,0.1786
0.2602,0.1765,0.211,0.1736
0.2716,0.3314,0.1911,0.2134
0.2733,0.35,0.2174,0.2201
0.2631,0.35,0.1984,0.2337
0.1998,0.2634,0.2,0.1959
0.1803,0.2342,0.1962,0.1874
0.1765,0.211,0.1786,0.1863
0.3314,0.1911,0.1764,0.3287
0.35,0.2174,0.1764,0.35
0.35,0.1984,0.1654,0.35
0.2634,0.2,0.1716,0.2498
0.2342,0.1962,0.1786,0.1959
0.211,0.1786,0.1736,0.184
0.1911,0.1764,0.2134,0.1904
0.2174,0.1764,0.2201,0.1957
0.1984,0.1654,0.2337,0.1677
0.2,0.1716,0.1959,0.1791
0.1962,0.1786,0.1874,0.1731
0.1786,0.1736,0.1863,0.1717
0.1764,0.2134,0.3287,0.1725
0.1764,0.2201,0.35,0.1721
0.1654,0.2337,0.35,0.194
0.1716,0.1959,0.2498,0.2038
0.1786,0.1874,0.1959,0.2602
0.1736,0.1863,0.184,0.2668
0.2134,0.3287,0.1904,0.2668
0.2201,0.35,0.1957,0.2664
0.2337,0.35,0.1677,0.2657
0.1959,0.2498,0.1791,0.2403
0.1874,0.1959,0.1731,0.2095
0.1863,0.184,0.1717,0.2084
0.3287,0.1904,0.1725,0.35
0.35,0.1957,0.1721,0.35
0.35,0.1677,0.194,0.35
0.2498,0.1791,0.2038,0.2599
0.1959,0.1731,0.2602,0.2183
0.184,0.1717,0.2668,0.2071
0.1904,0.1725,0.2668,0.1896
0.1957,0.1721,0.2664,0.2061
0.1677,0.194,0.2657,0.1742
0.1791,0.2038,0.2403,0.1744
0.1731,0.2602,0.2095,0.1641
0.1717,0.2668,0.2084,0.1687
0.1725,0.2668,0.35,0.1553
0.1721,0.2664,0.35,0.1767
0.194,0.2657,0.35,0.1916
0.2038,0.2403,0.2599,0.2071
0.2602,0.2095,0.2183,0.2443
0.2668,0.2084,0.2071,0.2472
0.2668,0.35,0.1896,0.2384
0.2664,0.35,0.2061,0.2326
0.2657,0.35,0.1742,0.2172
0.2403,0.2599,0.1744,0.1902
0.2095,0.2183,0.1641,0.1797
0.2084,0.2071,0.1687,0.1765
0.35,0.1896,0.1553,0.332
0.35,0.2061,0.1767,0.3478
0.35,0.1742,0.1916,0.35
0.2599,0.1744,0.2071,0.2203
0.2183,0.1641,0.2443,0.1924
0.2071,0.1687,0.2472,0.2012
0.1896,0.1553,0.2384,0.1984
0.2061,0.1767,0.2326,0.1997
0.1742,0.1916,0.2172,0.1848
0.1744,0.2071,0.1902,0.1695
0.1641,0.2443,0.1797,0.163
0.1687,0.2472,0.1765,0.1605
0.1553,0.2384,0.332,0.1662
0.1767,0.2326,0.3478,0.1568
0.1916,0.2172,0.35,0.1791
0.2071,0.1902,0.2203,0.1874
0.2443,0.1797,0.1924,0.2284
0.2472,0.1765,0.2012,0.2249
0.2384,0.332,0.1984,0.183
0.2326,0.3478,0.1997,0.1823
0.2172,0.35,0.1848,0.1856
0.1902,0.2203,0.1695,0.1687
0.1797,0.1924,0.163,0.1569
0.1765,0.2012,0.1605,0.1577
0.332,0.1984,0.1662,0.3155
0.3478,0.1997,0.1568,0.3411
0.35,0.1848,0.1791,0.35
0.2203,0.1695,0.1874,0.22
0.1924,0.163,0.2284,0.1962
0.2012,0.1605,0.2249,0.1815
0.1984,0.1662,0.183,0.1874
0.1997,0.1568,0.1823,0.1968
0.1848,0.1791,0.1856,0.1767
0.1695,0.1874,0.1687,0.1685
0.163,0.2284,0.1569,0.1677
0.1605,0.2249,0.1577,0.1677
0.1662,0.183,0.3155,0.1639
0.1568,0.1823,0.3411,0.1674
0.1791,0.1856,0.35,0.1895
0.1874,0.1687,0.22,0.1863
0.2284,0.1569,0.1962,0.1903
0.2249,0.1577,0.1815,0.2002
0.183,0.3155,0.1874,0.212
0.1823,0.3411,0.1968,0.2067
0.1856,0.35,0.1767,0.2128
0.1687,0.22,0.1685,0.1814
0.1569,0.1962,0.1677,0.1683
0.1577,0.1815,0.1677,0.17
0.3155,0.1874,0.1639,0.3278
0.3411,0.1968,0.1674,0.338
0.35,0.1767,0.1895,0.35
0.22,0.1685,0.1863,0.2185
0.1962,0.1677,0.1903,0.1962
0.1815,0.1677,0.2002,0.1984
0.1874,0.1639,0.212,0.1918
0.1968,0.1674,0.2067,0.1962
0.1767,0.1895,0.2128,0.1747
0.1685,0.1863,0.1814,0.17
0.1677,0.1903,0.1683,0.162
0.1677,0.2002,0.17,0.1684
0.1639,0.212,0.3278,0.1511
0.1674,0.2067,0.338,0.1712
0.1895,0.2128,0.35,0.1939
0.1863,0.1814,0.2185,0.2088
0.1903,0.1683,0.1962,0.235
0.2002,0.17,0.1984,0.2238
0.212,0.3278,0.1918,0.1861
0.2067,0.338,0.1962,0.1716
0.2128,0.35,0.1747,0.1689
0.1814,0.2185,0.17,0.1637
0.1683,0.1962,0.162,0.167
0.17,0.1984,0.1684,0.1654
0.3278,0.1918,0.1511,0.2987
0.338,0.1962,0.1712,0.3261
0.35,0.1747,0.1939,0.3388
0.2185,0.17,0.2088,0.2271
0.1962,0.162,0.235,0.2153
0.1984,0.1684,0.2238,0.2238
0.1918,0.1511,0.1861,0.2117
0.1962,0.1712,0.1716,0.2126
0.1747,0.1939,0.1689,0.1954
0.17,0.2088,0.1637,0.1777
0.162,0.235,0.167,0.1566
0.1684,0.2238,0.1654,0.1645
0.1511,0.1861,0.2987,0.1616
0.1712,0.1716,0.3261,0.1559
0.1939,0.1689,0.3388,0.1658
0.2088,0.1637,0.2271,0.1797
0.235,0.167,0.2153,0.1919
0.2238,0.1654,0.2238,0.2177
0.1861,0.2987,0.2117,0.2011
0.1716,0.3261,0.2126,0.1918
0.1689,0.3388,0.1954,0.1784
0.1637,0.2271,0.1777,0.1586
0.167,0.2153,0.1566,0.1555
0.1654,0.2238,0.1645,0.15
0.2987,0.2117,0.1616,0.2892
0.3261,0.2126,0.1559,0.3272
0.3388,0.1954,0.1658,0.35
0.2271,0.1777,0.1797,0.2337
0.2153,0.1566,0.1919,0.2305
0.2238,0.1645,0.2177,0.2356
0.2117,0.1616,0.2011,0.2095
0.2126,0.1559,0.1918,0.2361
0.1954,0.1658,0.1784,0.2007
0.1777,0.1797,0.1586,0.184
0.1566,0.1919,0.1555,0.1728
0.1645,0.2177,0.15,0.1735
0.1616,0.2011,0.2892,0.1746
0.1559,0.1918,0.3272,0.1746
0.1658,0.1784,0.35,0.1695
0.1797,0.1586,0.2337,0.1521
0.1919,0.1555,0.2305,0.1852
0.2177,0.15,0.2356,0.209
0.2011,0.2892,0.2095,0.1951
0.1918,0.3272,0.2361,0.183
0.1784,0.35,0.2007,0.1874
0.1586,0.2337,0.184,0.1841
0.1555,0.2305,0.1728,0.1654
0.15,0.2356,0.1735,0.151
0.2892,0.2095,0.1746,0.3091
0.3272,0.2361,0.1746,0.3143
0.35,0.2007,0.1695,0.3489
0.2337,0.184,0.1521,0.2403
0.2305,0.1728,0.1852,0.2452
0.2356,0.1735,0.209,0.2426
0.2095,0.1746,0.1951,0.2303
0.2361,0.1746,0.183,0.2073
0.2007,0.1695,0.1874,0.176
0.184,0.1521,0.1841,0.1738
0.1728,0.1852,0.1654,0.1729
0.1735,0.209,0.151,0.1742
0.1746,0.1951,0.3091,0.1742
0.1746,0.183,0.3143,0.1715
0.1695,0.1874,0.3489,0.183
0.1521,0.1841,0.2403,0.1982
0.1852,0.1654,0.2452,0.2408
0.209,0.151,0.2426,0.2402
0.1951,0.3091,0.2303,0.2098
0.183,0.3143,0.2073,0.1885
0.1874,0.3489,0.176,0.1819
0.1841,0.2403,0.1738,0.1762
0.1654,0.2452,0.1729,0.1721
0.151,0.2426,0.1742,0.1707
0.3091,0.2303,0.1742,0.3397
0.3143,0.2073,0.1715,0.35
0.3489,0.176,0.183,0.35
0.2403,0.1738,0.1982,0.2622
0.2452,0.1729,0.2408,0.2463
0.2426,0.1742,0.2402,0.2235
0.2303,0.1742,0.2098,0.2009
0.2073,0.1715,0.1885,0.2095
0.176,0.183,0.1819,0.1844
0.1738,0.1982,0.1762,0.1813
0.1729,0.2408,0.1721,0.1791
0.1742,0.2402,0.1707,0.1766
0.1742,0.2098,0.3397,0.1764
0.1715,0.1885,0.35,0.1818
0.183,0.1819,0.35,0.2026
0.1982,0.1762,0.2622,0.2231
0.2408,0.1721,0.2463,0.2481
0.2402,0.1707,0.2235,0.2414
0.2098,0.3397,0.2009,0.1967
0.1885,0.35,0.2095,0.2042
0.1819,0.35,0.1844,0.1929
0.1762,0.2622,0.1813,0.1816
0.1721,0.2463,0.1791,0.1905
0.1707,0.2235,0.1766,0.192
0.3397,0.2009,0.1764,0.35
0.35,0.2095,0.1818,0.35
0.35,0.1844,0.2026,0.35
0.2622,0.1813,0.2231,0.2866
0.2463,0.1791,0.2481,0.2736
0.2235,0.1766,0.2414,0.2624
0.2009,0.1764,0.1967,0.2205
0.2095,0.1818,0.2042,0.2182
0.1844,0.2026,0.1929,0.2036
0.1813,0.2231,0.1816,0.182
0.1791,0.2481,0.1905,0.1754
0.1766,0.2414,0.192,0.1709
0.1764,0.1967,0.35,0.1709
0.1818,0.2042,0.35,0.1944
0.2026,0.1929,0.35,0.191
0.2231,0.1816,0.2866,0.2538
0.2481,0.1905,0.2736,0.2794
0.2414,0.192,0.2624,0.276
0.1967,0.35,0.2205,0.2566
0.2042,0.35,0.2182,0.2393
0.1929,0.35,0.2036,0.2272
0.1816,0.2866,0.182,0.2183
0.1905,0.2736,0.1754,0.2139
0.192,0.2624,0.1709,0.2183
0.35,0.2205,0.1709,0.35
0.35,0.2182,0.1944,0.35
0.35,0.2036,0.191,0.35
0.2866,0.182,0.2538,0.2953
0.2736,0.1754,0.2794,0.2789
0.2624,0.1709,0.276,0.2668
0.2205,0.1709,0.2566,0.2348
0.2182,0.1944,0.2393,0.2051
0.2036,0.191,0.2272,0.1876
0.182,0.2538,0.2183,0.1764
0.1754,0.2794,0.2139,0.1706
0.1709,0.276,0.2183,0.1709
0.1709,0.2566,0.35,0.1712
0.1944,0.2393,0.35,0.175
0.191,0.2272,0.35,0.1918
0.2538,0.2183,0.2953,0.2263
0.2794,0.2139,0.2789,0.2602
0.276,0.2183,0.2668,0.2679
0.2566,0.35,0.2348,0.2261
0.2393,0.35,0.2051,0.2258
0.2272,0.35,0.1876,0.2001
0.2183,0.2953,0.1764,0.1929
0.2139,0.2789,0.1706,0.1919
0.2183,0.2668,0.1709,0.2086
0.35,0.2348,0.1712,0.35
0.35,0.2051,0.175,0.35
0.35,0.1876,0.1918,0.35
0.2953,0.1764,0.2263,0.2983
0.2789,0.1706,0.2602,0.2723
0.2668,0.1709,0.2679,0.2595
0.2348,0.1712,0.2261,0.2106
0.2051,0.175,0.2258,0.2179
0.1876,0.1918,0.2001,0.1934
0.1764,0.2263,0.1929,0.1838
0.1706,0.2602,0.1919,0.1776
0.1709,0.2679,0.2086,0.1782
0.1712,0.2261,0.35,0.1751
0.175,0.2258,0.35,0.1789
0.1918,0.2001,0.35,0.1959
0.2263,0.1929,0.2983,0.2152
0.2602,0.1919,0.2723,0.265
0.2679,0.2086,0.2595,0.2642
0.2261,0.35,0.2106,0.2407
0.2258,0.35,0.2179,0.216
0.2001,0.35,0.1934,0.2139
0.1929,0.2983,0.1838,0.227
0.1919,0.2723,0.1776,0.2128
0.2086,0.2595,0.1782,0.2062
0.35,0.2106,0.1751,0.329
0.35,0.2179,0.1789,0.35
0.35,0.1934,0.1959,0.35
0.2983,0.1838,0.2152,0.2459
0.2723,0.1776,0.265,0.2151
0.2595,0.1782,0.2642,0.226
0.2106,0.1751,0.2407,0.1987
0.2179,0.1789,0.216,0.2187
0.1934,0.1959,0.2139,0.2018
0.1838,0.2152,0.227,0.1918
0.1776,0.265,0.2128,0.1853
0.1782,0.2642,0.2062,0.1832
0.1751,0.2407,0.329,0.1845
0.1789,0.216,0.35,0.1863
0.1959,0.2139,0.35,0.1765
0.2152,0.227,0.2459,0.187
0.265,0.2128,0.2151,0.1886
0.2642,0.2062,0.226,0.2188
0.2407,0.329,0.1987,0.2403
0.216,0.35,0.2187,0.2416
0.2139,0.35,0.2018,0.2356
0.227,0.2459,0.1918,0.2129
0.2128,0.2151,0.1853,0.2038
0.2062,0.226,0.1832,0.1865
0.329,0.1987,0.1845,0.3378
0.35,0.2187,0.1863,0.35
0.35,0.2018,0.1765,0.35
0.2459,0.1918,0.187,0.2869
0.2151,0.1853,0.1886,0.2625
0.226,0.1832,0.2188,0.2547
0.1987,0.1845,0.2403,0.2249
0.2187,0.1863,0.2416,0.2315
0.2018,0.1765,0.2356,0.2117
0.1918,0.187,0.2129,0.2062
0.1853,0.1886,0.2038,0.1881
0.1832,0.2188,0.1865,0.1861
0.1845,0.2403,0.3378,0.1891
0.1863,0.2416,0.35,0.1835
0.1765,0.2356,0.35,0.1893
0.187,0.2129,0.2869,0.1863
0.1886,0.2038,0.2625,0.1852
0.2188,0.1865,0.2547,0.1949
0.2403,0.3378,0.2249,0.2485
0.2416,0.35,0.2315,0.2503
0.2356,0.35,0.2117,0.2494
0.2129,0.2869,0.2062,0.2102
0.2038,0.2625,0.1881,0.2013
0.1865,0.2547,0.1861,0.1946
0.3378,0.2249,0.1891,0.35
0.35,0.2315,0.1835,0.35
0.35,0.2117,0.1893,0.35
0.2869,0.2062,0.1863,0.2753
0.2625,0.1881,0.1852,0.2613
0.2547,0.1861,0.1949,0.2582
0.2249,0.1891,0.2485,0.2029
0.2315,0.1835,0.2503,0.2371
0.2117,0.1893,0.2494,0.1896
0.2062,0.1863,0.2102,0.1852
0.1881,0.1852,0.2013,0.1829
0.1861,0.1949,0.1946,0.1761
0.1891,0.2485,0.35,0.1682
0.1835,0.2503,0.35,0.1852
0.1893,0.2494,0.35,0.1948
0.1863,0.2102,0.2753,0.2205
0.1852,0.2013,0.2613,0.2811
0.1949,0.1946,0.2582,0.2882
0.2485,0.35,0.2029,0.2865
0.2503,0.35,0.2371,0.2875
0.2494,0.35,0.1896,0.2932
0.2102,0.2753,0.1852,0.269
0.2013,0.2613,0.1829,0.2647
0.1946,0.2582,0.1761,0.2437
0.35,0.2029,0.1682,0.35
0.35,0.2371,0.1852,0.35
0.35,0.1896,0.1948,0.35
0.2753,0.1852,0.2205,0.3301
0.2613,0.1829,0.2811,0.296
0.2582,0.1761,0.2882,0.2778
0.2029,0.1682,0.2865,0.22
0.2371,0.1852,0.2875,0.2049
0.1896,0.1948,0.2932,0.1913
0.1852,0.2205,0.269,0.1918
0.1829,0.2811,0.2647,0.183
0.1761,0.2882,0.2437,0.1791
0.1682,0.2865,0.35,0.1808
0.1852,0.2875,0.35,0.1766
0.1948,0.2932,0.35,0.1815
0.2205,0.269,0.3301,0.2036
0.2811,0.2647,0.296,0.2711
0.2882,0.2437,0.2778,0.2798
0.2865,0.35,0.22,0.286
0.2875,0.35,0.2049,0.2866
0.2932,0.35,0.1913,0.2861
0.269,0.3301,0.1918,0.2678
0.2647,0.296,0.183,0.2357
0.2437,0.2778,0.1791,0.2346
0.35,0.22,0.1808,0.35
0.35,0.2049,0.1766,0.35
0.35,0.1913,0.1815,0.35
0.3301,0.1918,0.2036,0.2816
0.296,0.183,0.2711,0.2514
0.2778,0.1791,0.2798,0.202
0.22,0.1808,0.286,0.2024
0.2049,0.1766,0.2866,0.2183
0.1913,0.1815,0.2861,0.2152
0.1918,0.2036,0.2678,0.2203
0.183,0.2711,0.2357,0.1951
0.1791,0.2798,0.2346,0.1826
0.1808,0.286,0.35,0.1804
0.1766,0.2866,0.35,0.1826
0.1815,0.2861,0.35,0.2099
0.2036,0.2678,0.2816,0.2034
0.2711,0.2357,0.2514,0.2617
0.2798,0.2346,0.202,0.2719
0.286,0.35,0.2024,0.2434
0.2866,0.35,0.2183,0.242
0.2861,0.35,0.2152,0.2395
0.2678,0.2816,0.2203,0.1957
0.2357,0.2514,0.1951,0.1828
0.2346,0.202,0.1826,0.1826
0.35,0.2024,0.1804,0.3261
0.35,0.2183,0.1826,0.348
0.35,0.2152,0.2099,0.35
0.2816,0.2203,0.2034,0.2266
0.2514,0.1951,0.2617,0.2238
0.202,0.1826,0.2719,0.2095
0.2024,0.1804,0.2434,0.2216
0.2183,0.1826,0.242,0.2139
0.2152,0.2099,0.2395,0.1797
0.2203,0.2034,0.1957,0.1499
0.1951,0.2617,0.1828,0.0948
0.1826,0.2719,0.1826,0.0785
0.1804,0.2434,0.3261,0.0992
0.1826,0.242,0.348,0.1431
0.2099,0.2395,0.35,0.2026
0.2034,0.1957,0.2266,0.198
0.2617,0.1828,0.2238,0.2258
0.2719,0.1826,0.2095,0.2355
0.2434,0.3261,0.2216,0.2084
0.242,0.348,0.2139,0.2018
0.2395,0.35,0.1797,0.2154
0.1957,0.2266,0.1499,0.1938
0.1828,0.2238,0.0948,0.1819
0.1826,0.2095,0.0785,0.1856
0.3261,0.2216,0.0992,0.3469
0.348,0.2139,0.1431,0.3447
0.35,0.1797,0.2026,0.35
0.2266,0.1499,0.198,0.2602
0.2238,0.0948,0.2258,0.2558
0.2095,0.0785,0.2355,0.2523
0.2216,0.0992,0.2084,0.2195
0.2139,0.1431,0.2018,0.2115
0.1797,0.2026,0.2154,0.2392
0.1499,0.198,0.1938,0.2183
0.0948,0.2258,0.1819,0.194
0.0785,0.2355,0.1856,0.1839
0.0992,0.2084,0.3469,0.1837
0.1431,0.2018,0.3447,0.1995
0.2026,0.2154,0.35,0.215
0.198,0.1938,0.2602,0.2103
0.2258,0.1819,0.2558,0.2708
0.2355,0.1856,0.2523,0.2743
0.2084,0.3469,0.2195,0.2612
0.2018,0.3447,0.2115,0.2706
0.2154,0.35,0.2392,0.258
0.1938,0.2602,0.2183,0.1977
0.1819,0.2558,0.194,0.1764
0.1856,0.2523,0.1839,0.1819
0.3469,0.2195,0.1837,0.3347
0.3447,0.2115,0.1995,0.35
0.35,0.2392,0.215,0.35
0.2602,0.2183,0.2103,0.2449
0.2558,0.194,0.2708,0.2136
0.2523,0.1839,0.2743,0.2076
0.2195,0.1837,0.2612,0.1957
0.2115,0.1995,0.2706,0.2062
0.2392,0.215,0.258,0.2084
0.2183,0.2103,0.1977,0.1948
0.194,0.2708,0.1764,0.1951
0.1839,0.2743,0.1819,0.1819
0.1837,0.2612,0.3347,0.1833
0.1995,0.2706,0.35,0.1951
0.215,0.258,0.35,0.1885
0.2103,0.1977,0.2449,0.1919
0.2708,0.1764,0.2136,0.1987
0.2743,0.1819,0.2076,0.2073
0.2612,0.3347,0.1957,0.2337
0.2706,0.35,0.2062,0.2324
0.258,0.35,0.2084,0.2359
0.1977,0.2449,0.1948,0.208
0.1764,0.2136,0.1951,0.1808
0.1819,0.2076,0.1819,0.1786
0.3347,0.1957,0.1833,0.3336
0.35,0.2062,0.1951,0.35
0.35,0.2084,0.1885,0.35
0.2449,0.1948,0.1919,0.2712
0.2136,0.1951,0.1987,0.2542
0.2076,0.1819,0.2073,0.2573
0.1957,0.1833,0.2337,0.2229
0.2062,0.1951,0.2324,0.2351
0.2084,0.1885,0.2359,0.2319
0.1948,0.1919,0.208,0.2271
0.1951,0.1987,0.1808,0.2023
0.1819,0.2073,0.1786,0.1946
0.1833,0.2337,0.3336,0.1923
0.1951,0.2324,0.35,0.1874
0.1885,0.2359,0.35,0.1874
0.1919,0.208,0.2712,0.1856
0.1987,0.1808,0.2542,0.1984
0.2073,0.1786,0.2573,0.2095
0.2337,0.3336,0.2229,0.2379
0.2324,0.35,0.2351,0.2426
0.2359,0.35,0.2319,0.2638
0.208,0.2712,0.2271,0.2125
0.1808,0.2542,0.2023,0.2029
0.1786,0.2573,0.1946,0.197
0.3336,0.2229,0.1923,0.3403
0.35,0.2351,0.1874,0.35
0.35,0.2319,0.1874,0.35
0.2712,0.2271,0.1856,0.2638
0.2542,0.2023,0.1984,0.2554
0.2573,0.1946,0.2095,0.2762
0.2229,0.1923,0.2379,0.2205
0.2351,0.1874,0.2426,0.2267
0.2319,0.1874,0.2638,0.2135
0.2271,0.1856,0.2125,0.2018
0.2023,0.1984,0.2029,0.199
0.1946,0.2095,0.197,0.1921
0.1923,0.2379,0.3403,0.185
0.1874,0.2426,0.35,0.191
0.1874,0.2638,0.35,0.194
0.1856,0.2125,0.2638,0.2172
0.1984,0.2029,0.2554,0.2871
0.2095,0.197,0.2762,0.2915
0.2379,0.3403,0.2205,0.2833
0.2426,0.35,0.2267,0.2946
0.2638,0.35,0.2135,0.3032
0.2125,0.2638,0.2018,0.2712
0.2029,0.2554,0.199,0.2401
0.197,0.2762,0.1921,0.2514
0.3403,0.2205,0.185,0.35
0.35,0.2267,0.191,0.35
0.35,0.2135,0.194,0.35
0.2638,0.2018,0.2172,0.35
0.2554,0.199,0.2871,0.3136
0.2762,0.1921,0.2915,0.2855
0.2205,0.185,0.2833,0.2194
0.2267,0.191,0.2946,0.2216
0.2135,0.194,0.3032,0.2118
0.2018,0.2172,0.2712,0.2117
0.199,0.2871,0.2401,0.2098
0.1921,0.2915,0.2514,0.2018
0.185,0.2833,0.35,0.194
0.191,0.2946,0.35,0.2117
0.194,0.3032,0.35,0.2205
0.2172,0.2712,0.35,0.2239
0.2871,0.2401,0.3136,0.2426
0.2915,0.2514,0.2855,0.2556
0.2833,0.35,0.2194,0.2346
0.2946,0.35,0.2216,0.2337
0.3032,0.35,0.2118,0.227
0.2712,0.35,0.2117,0.2064
0.2401,0.3136,0.2098,0.2029
0.2514,0.2855,0.2018,0.2073
0.35,0.2194,0.194,0.35
0.35,0.2216,0.2117,0.35
0.35,0.2118,0.2205,0.35
0.35,0.2117,0.2239,0.3263
0.3136,0.2098,0.2426,0.3065
0.2855,0.2018,0.2556,0.2817
0.2194,0.194,0.2346,0.2201
0.2216,0.2117,0.2337,0.2139
0.2118,0.2205,0.227,0.2087
0.2117,0.2239,0.2064,0.1929
0.2098,0.2426,0.2029,0.1881
0.2018,0.2556,0.2073,0.1908
0.194,0.2346,0.35,0.191
0.2117,0.2337,0.35,0.1878
0.2205,0.227,0.35,0.2155
0.2239,0.2064,0.3263,0.2381
0.2426,0.2029,0.3065,0.2732
0.2556,0.2073,0.2817,0.2756
0.2346,0.35,0.2201,0.247
0.2337,0.35,0.2139,0.2293
0.227,0.35,0.2087,0.2205
0.2064,0.3263,0.1929,0.1973
0.2029,0.3065,0.1881,0.1896
0.2073,0.2817,0.1908,0.1951
0.35,0.2201,0.191,0.3389
0.35,0.2139,0.1878,0.35
0.35,0.2087,0.2155,0.35
0.3263,0.1929,0.2381,0.2986
0.3065,0.1881,0.2732,0.2642
0.2817,0.1908,0.2756,0.2438
0.2201,0.191,0.247,0.2102
0.2139,0.1878,0.2293,0.2271
0.2087,0.2155,0.2205,0.2164
0.1929,0.2381,0.1973,0.2139
0.1881,0.2732,0.1896,0.1932
0.1908,0.2756,0.1951,0.201
0.191,0.247,0.3389,0.1951
0.1878,0.2293,0.35,0.1962
0.2155,0.2205,0.35,0.2152
0.2381,0.1973,0.2986,0.2328
0.2732,0.1896,0.2642,0.2593
0.2756,0.1951,0.2438,0.2811
0.247,0.3389,0.2102,0.2441
0.2293,0.35,0.2271,0.2293
0.2205,0.35,0.2164,0.2399
0.1973,0.2986,0.2139,0.2261
0.1896,0.2642,0.1932,0.2117
0.1951,0.2438,0.201,0.1984
0.3389,0.2102,0.1951,0.3369
0.35,0.2271,0.1962,0.35
0.35,0.2164,0.2152,0.35
0.2986,0.2139,0.2328,0.2558
0.2642,0.1932,0.2593,0.2117
0.2438,0.201,0.2811,0.2152
0.2102,0.1951,0.2441,0.2117
0.2271,0.1962,0.2293,0.2111
0.2164,0.2152,0.2399,0.169
0.2139,0.2328,0.2261,0.1639
0.1932,0.2593,0.2117,0.1665
0.201,0.2811,0.1984,0.1689
0.1951,0.2441,0.3369,0.1908
0.1962,0.2293,0.35,0.1862
0.2152,0.2399,0.35,0.2084
0.2328,0.2261,0.2558,0.2231
0.2593,0.2117,0.2117,0.2655
0.2811,0.1984,0.2152,0.2712
0.2441,0.3369,0.2117,0.2516
0.2293,0.35,0.2111,0.226
0.2399,0.35,0.169,0.2225
0.2261,0.2558,0.1639,0.2029
0.2117,0.2117,0.1665,0.1841
0.1984,0.2152,0.1689,0.1782
0.3369,0.2117,0.1908,0.3261
0.35,0.2111,0.1862,0.3425
0.35,0.169,0.2084,0.35
0.2558,0.1639,0.2231,0.2556
0.2117,0.1665,0.2655,0.2249
0.2152,0.1689,0.2712,0.2287
0.2117,0.1908,0.2516,0.2091
0.2111,0.1862,0.226,0.2293
0.169,0.2084,0.2225,0.1769
0.1639,0.2231,0.2029,0.133
0.1665,0.2655,0.1841,0.1048
0.1689,0.2712,0.1782,0.0954
0.1908,0.2516,0.3261,0.1099
0.1862,0.226,0.3425,0.1325
0.2084,0.2225,0.35,0.1752
0.2231,0.2029,0.2556,0.2089
0.2655,0.1841,0.2249,0.2297
0.2712,0.1782,0.2287,0.242
0.2516,0.3261,0.2091,0.2382
0.226,0.3425,0.2293,0.24
0.2225,0.35,0.1769,0.2315
0.2029,0.2556,0.133,0.2145
0.1841,0.2249,0.1048,0.181
0.1782,0.2287,0.0954,0.1933
0.3261,0.2091,0.1099,0.3369
0.3425,0.2293,0.1325,0.3446
0.35,0.1769,0.1752,0.35
0.2556,0.133,0.2089,0.2407
0.2249,0.1048,0.2297,0.2204
0.2287,0.0954,0.242,0.2293
0.2091,0.1099,0.2382,0.2146
0.2293,0.1325,0.24,0.2659
0.1769,0.1752,0.2315,0.226
0.133,0.2089,0.2145,0.1615
0.1048,0.2297,0.181,0.1114
0.0954,0.242,0.1933,0.0584
0.1099,0.2382,0.3369,0.0363
0.1325,0.24,0.3446,0.03
0.1752,0.2315,0.35,0.0763
0.2089,0.2145,0.2407,0.1184
0.2297,0.181,0.2204,0.1665
0.242,0.1933,0.2293,0.2182
0.2382,0.3369,0.2146,0.2527
0.24,0.3446,0.2659,0.2504
0.2315,0.35,0.226,0.2681
0.2145,0.2407,0.1615,0.2314
0.181,0.2204,0.1114,0.1558
0.1933,0.2293,0.0584,0.1731
0.3369,0.2146,0.0363,0.3403
0.3446,0.2659,0.03,0.3425
0.35,0.226,0.0763,0.35
0.2407,0.1615,0.1184,0.2705
0.2204,0.1114,0.1665,0.2734
0.2293,0.0584,0.2182,0.2706
0.2146,0.0363,0.2527,0.2117
0.2659,0.03,0.2504,0.2488
0.226,0.0763,0.2681,0.204
0.1615,0.1184,0.2314,0.1961
0.1114,0.1665,0.1558,0.1969
0.0584,0.2182,0.1731,0.1969
0.0363,0.2527,0.3403,0.2078
0.03,0.2504,0.3425,0.2139
0.0763,0.2681,0.35,0.2545
0.1184,0.2314,0.2705,0.2227
0.1665,0.1558,0.2734,0.2518
0.2182,0.1731,0.2706,0.2632
0.2527,0.3403,0.2117,0.2558
0.2504,0.3425,0.2488,0.2337
0.2681,0.35,0.204,0.2448
0.2314,0.2705,0.1961,0.2233
0.1558,0.2734,0.1969,0.2073
0.1731,0.2706,0.1969,0.1902
0.3403,0.2117,0.2078,0.35
0.3425,0.2488,0.2139,0.35
0.35,0.204,0.2545,0.35
0.2705,0.1961,0.2227,0.2723
0.2734,0.1969,0.2518,0.2537
0.2706,0.1969,0.2632,0.2428
0.2117,0.2078,0.2558,0.2055
0.2488,0.2139,0.2337,0.2326
0.204,0.2545,0.2448,0.2084
0.1961,0.2227,0.2233,0.1962
0.1969,0.2518,0.2073,0.1841
0.1969,0.2632,0.1902,0.1819
0.2078,0.2558,0.35,0.1807
0.2139,0.2337,0.35,0.1905
0.2545,0.2448,0.35,0.215
0.2227,0.2233,0.2723,0.2161
0.2518,0.2073,0.2537,0.2586
0.2632,0.1902,0.2428,0.2646
0.2558,0.35,0.2055,0.2481
0.2337,0.35,0.2326,0.2418
0.2448,0.35,0.2084,0.2414
0.2233,0.2723,0.1962,0.2073
0.2073,0.2537,0.1841,0.194
0.1902,0.2428,0.1819,0.1837
0.35,0.2055,0.1807,0.3387
0.35,0.2326,0.1905,0.35
0.35,0.2084,0.215,0.35
0.2723,0.1962,0.2161,0.312
0.2537,0.1841,0.2586,0.2859
0.2428,0.1819,0.2646,0.2678
0.2055,0.1807,0.2481,0.2018
0.2326,0.1905,0.2418,0.229
0.2084,0.215,0.2414,0.2216
0.1962,0.2161,0.2073,0.2139
0.1841,0.2586,0.194,0.1939
0.1819,0.2646,0.1837,0.1972
0.1807,0.2481,0.3387,0.1865
0.1905,0.2418,0.35,0.1897
0.215,0.2414,0.35,0.2184
0.2161,0.2073,0.312,0.226
0.2586,0.194,0.2859,0.2631
0.2646,0.1837,0.2678,0.2583
0.2481,0.3387,0.2018,0.2339
0.2418,0.35,0.229,0.2286
0.2414,0.35,0.2216,0.2218
0.2073,0.312,0.2139,0.2051
0.194,0.2859,0.1939,0.1982
0.1837,0.2678,0.1972,0.1924
0.3387,0.2018,0.1865,0.3415
0.35,0.229,0.1897,0.35
0.35,0.2216,0.2184,0.35
0.312,0.2139,0.226,0.2946
0.2859,0.1939,0.2631,0.284
0.2678,0.1972,0.2583,0.2694
0.2018,0.1865,0.2339,0.2206
0.229,0.1897,0.2286,0.247
0.2216,0.2184,0.2218,0.2147
0.2139,0.226,0.2051,0.194
0.1939,0.2631,0.1982,0.1888
0.1972,0.2583,0.1924,0.183
0.1865,0.2339,0.3415,0.1829
0.1897,0.2286,0.35,0.1991
0.2184,0.2218,0.35,0.221
0.226,0.2051,0.2946,0.2466
0.2631,0.1982,0.284,0.2836
0.2583,0.1924,0.2694,0.2641
0.2339,0.3415,0.2206,0.2216
0.2286,0.35,0.247,0.1975
0.2218,0.35,0.2147,0.2282
0.2051,0.2946,0.194,0.1968
0.1982,0.284,0.1888,0.1961
0.1924,0.2694,0.183,0.1899
0.3415,0.2206,0.1829,0.3429
0.35,0.247,0.1991,0.3438
0.35,0.2147,0.221,0.35
0.2946,0.194,0.2466,0.2681
0.284,0.1888,0.2836,0.2638
0.2694,0.183,0.2641,0.248
0.2206,0.1829,0.2216,0.2157
0.247,0.1991,0.1975,0.2543
0.2147,0.221,0.2282,0.2367
0.194,0.2466,0.1968,0.2214
0.1888,0.2836,0.1961,0.194
0.183,0.2641,0.1899,0.1819
0.1829,0.2216,0.3429,0.1712
0.1991,0.1975,0.3438,0.2013
0.221,0.2282,0.35,0.2459
0.2466,0.1968,0.2681,0.2458
0.2836,0.1961,0.2638,0.2646
0.2641,0.1899,0.248,0.2567
0.2216,0.3429,0.2157,0.2173
0.1975,0.3438,0.2543,0.2062
0.2282,0.35,0.2367,0.2154
0.1968,0.2681,0.2214,0.1925
0.1961,0.2638,0.194,0.1868
0.1899,0.248,0.1819,0.1795
0.3429,0.2157,0.1712,0.3349
0.3438,0.2543,0.2013,0.3499
0.35,0.2367,0.2459,0.35
0.2681,0.2214,0.2458,0.2758
0.2638,0.194,0.2646,0.2822
0.248,0.1819,0.2567,0.2668
0.2157,0.1712,0.2173,0.2271
0.2543,0.2013,0.2062,0.26
0.2367,0.2459,0.2154,0.2254
0.2214,0.2458,0.1925,0.1981
0.194,0.2646,0.1868,0.1822
0.1819,0.2567,0.1795,0.1687
0.1712,0.2173,0.3349,0.1867
0.2013,0.2062,0.3499,0.2161
0.2459,0.2154,0.35,0.2381
0.2458,0.1925,0.2758,0.223
0.2646,0.1868,0.2822,0.2442
0.2567,0.1795,0.2668,0.2401
0.2173,0.3349,0.2271,0.2421
0.2062,0.3499,0.26,0.2426
0.2154,0.35,0.2254,0.234
0.1925,0.2758,0.1981,0.2325
0.1868,0.2822,0.1822,0.2066
0.1795,0.2668,0.1687,0.2026
0.3349,0.2271,0.1867,0.35
0.3499,0.26,0.2161,0.35
0.35,0.2254,0.2381,0.35
0.2758,0.1981,0.223,0.2947
0.2822,0.1822,0.2442,0.2904
0.2668,0.1687,0.2401,0.2986
0.2271,0.1867,0.2421,0.2361
0.26,0.2161,0.2426,0.2481
0.2254,0.2381,0.234,0.2424
0.1981,0.223,0.2325,0.2298
0.1822,0.2442,0.2066,0.2278
0.1687,0.2401,0.2026,0.2204
0.1867,0.2421,0.35,0.2006
0.2161,0.2426,0.35,0.1977
0.2381,0.234,0.35,0.1982
0.223,0.2325,0.2947,0.2057
0.2442,0.2066,0.2904,0.2337
0.2401,0.2026,0.2986,0.2634
0.2421,0.35,0.2361,0.26
0.2426,0.35,0.2481,0.262
0.234,0.35,0.2424,0.2546
0.2325,0.2947,0.2298,0.2357
0.2066,0.2904,0.2278,0.2007
0.2026,0.2986,0.2204,0.1931
0.35,0.2361,0.2006,0.35
0.35,0.2481,0.1977,0.35
0.35,0.2424,0.1982,0.35
0.2947,0.2298,0.2057,0.2384
0.2904,0.2278,0.2337,0.2315
0.2986,0.2204,0.2634,0.2403
0.2361,0.2006,0.26,0.1898
0.2481,0.1977,0.262,0.2547
0.2424,0.1982,0.2546,0.2084
0.2298,0.2057,0.2357,0.1764
0.2278,0.2337,0.2007,0.1441
0.2204,0.2634,0.1931,0.0551
0.2006,0.26,0.35,0.0981
0.1977,0.262,0.35,0.1161
0.1982,0.2546,0.35,0.1962
0.2057,0.2357,0.2384,0.2074
0.2337,0.2007,0.2315,0.2182
0.2634,0.1931,0.2403,0.2095
0.26,0.35,0.1898,0.2103
0.262,0.35,0.2547,0.228
0.2546,0.35,0.2084,0.2513
0.2357,0.2384,0.1764,0.2427
0.2007,0.2315,0.1441,0.2178
0.1931,0.2403,0.0551,0.2015
0.35,0.1898,0.0981,0.338
0.35,0.2547,0.1161,0.35
0.35,0.2084,0.1962,0.35
0.2384,0.1764,0.2074,0.2865
0.2315,0.1441,0.2182,0.2866
0.2403,0.0551,0.2095,0.2964
0.1898,0.0981,0.2103,0.2187
0.2547,0.1161,0.228,0.2569
0.2084,0.1962,0.2513,0.2547
0.1764,0.2074,0.2427,0.2514
0.1441,0.2182,0.2178,0.2176
0.0551,0.2095,0.2015,0.183
0.0981,0.2103,0.338,0.1853
0.1161,0.228,0.35,0.2095
0.1962,0.2513,0.35,0.2437
0.2074,0.2427,0.2865,0.2525
0.2182,0.2178,0.2866,0.2503
0.2095,0.2015,0.2964,0.2414
0.2103,0.338,0.2187,0.2282
0.228,0.35,0.2569,0.2271
0.2513,0.35,0.2547,0.2337
0.2427,0.2865,0.2514,0.2423
0.2178,0.2866,0.2176,0.2315
0.2015,0.2964,0.183,0.2335
0.338,0.2187,0.1853,0.35
0.35,0.2569,0.2095,0.35
0.35,0.2547,0.2437,0.35
0.2865,0.2514,0.2525,0.2908
0.2866,0.2176,0.2503,0.287
0.2964,0.183,0.2414,0.2924
0.2187,0.1853,0.2282,0.2272
0.2569,0.2095,0.2271,0.2337
0.2547,0.2437,0.2337,0.2293
0.2514,0.2525,0.2423,0.2347
0.2176,0.2503,0.2315,0.2216
0.183,0.2414,0.2335,0.2164
0.1853,0.2282,0.35,0.2037
0.2095,0.2271,0.35,0.215
0.2437,0.2337,0.35,0.2254
0.2525,0.2423,0.2908,0.2359
0.2503,0.2315,0.287,0.2701
0.2414,0.2335,0.2924,0.2844
0.2282,0.35,0.2272,0.2789
0.2271,0.35,0.2337,0.2494
0.2337,0.35,0.2293,0.2579
0.2423,0.2908,0.2347,0.2349
0.2315,0.287,0.2216,0.2227
0.2335,0.2924,0.2164,0.2293
0.35,0.2272,0.2037,0.35
0.35,0.2337,0.215,0.35
0.35,0.2293,0.2254,0.35
0.2908,0.2347,0.2359,0.2977
0.287,0.2216,0.2701,0.3021
0.2924,0.2164,0.2844,0.2855
0.2272,0.2037,0.2789,0.2284
0.2337,0.215,0.2494,0.2172
0.2293,0.2254,0.2579,0.2033
0.2347,0.2359,0.2349,0.215
0.2216,0.2701,0.2227,0.2139
0.2164,0.2844,0.2293,0.2115
0.2037,0.2789,0.35,0.2108
0.215,0.2494,0.35,0.2117
0.2254,0.2579,0.35,0.2276
0.2359,0.2349,0.2977,0.2315
0.2701,0.2227,0.3021,0.3155
0.2844,0.2293,0.2855,0.3223
0.2789,0.35,0.2284,0.3154
0.2494,0.35,0.2172,0.3017
0.2579,0.35,0.2033,0.3172
0.2349,0.2977,0.215,0.3002
0.2227,0.3021,0.2139,0.2567
0.2293,0.2855,0.2115,0.28
0.35,0.2284,0.2108,0.35
0.35,0.2172,0.2117,0.35
0.35,0.2033,0.2276,0.35
0.2977,0.215,0.2315,0.347
0.3021,0.2139,0.3155,0.3274
0.2855,0.2115,0.3223,0.3087
0.2284,0.2108,0.3154,0.2422
0.2172,0.2117,0.3017,0.2216
0.2033,0.2276,0.3172,0.2156
0.215,0.2315,0.3002,0.2164
0.2139,0.3155,0.2567,0.207
0.2115,0.3223,0.28,0.2087
0.2108,0.3154,0.35,0.2082
0.2117,0.3017,0.35,0.2152
0.2276,0.3172,0.35,0.2185
0.2315,0.3002,0.347,0.2296
0.3155,0.2567,0.3274,0.2828
0.3223,0.28,0.3087,0.2848
0.3154,0.35,0.2422,0.2838
0.3017,0.35,0.2216,0.2818
0.3172,0.35,0.2156,0.2844
0.3002,0.347,0.2164,0.2553
0.2567,0.3274,0.207,0.2184
0.28,0.3087,0.2087,0.2118
0.35,0.2422,0.2082,0.35
0.35,0.2216,0.2152,0.35
0.35,0.2156,0.2185,0.35
0.347,0.2164,0.2296,0.276
0.3274,0.207,0.2828,0.265
0.3087,0.2087,0.2848,0.2464
0.2422,0.2082,0.2838,0.2088
0.2216,0.2152,0.2818,0.2245
0.2156,0.2185,0.2844,0.2054
0.2164,0.2296,0.2553,0.199
0.207,0.2828,0.2184,0.1996
0.2087,0.2848,0.2118,0.197
0.2082,0.2838,0.35,0.1969
0.2152,0.2818,0.35,0.2055
0.2185,0.2844,0.35,0.204
0.2296,0.2553,0.276,0.2131
0.2828,0.2184,0.265,0.2026
0.2848,0.2118,0.2464,0.2514
0.2838,0.35,0.2088,0.2591
0.2818,0.35,0.2245,0.2632
0.2844,0.35,0.2054,0.2656
0.2553,0.276,0.199,0.225
0.2184,0.265,0.1996,0.2093
0.2118,0.2464,0.197,0.1989
0.35,0.2088,0.1969,0.35
0.35,0.2245,0.2055,0.35
0.35,0.2054,0.204,0.35
0.276,0.199,0.2131,0.2788
0.265,0.1996,0.2026,0.2626
0.2464,0.197,0.2514,0.251
0.2088,0.1969,0.2591,0.2044
0.2245,0.2055,0.2632,0.2372
0.2054,0.204,0.2656,0.2157
0.199,0.2131,0.225,0.208
0.1996,0.2026,0.2093,0.2085
0.197,0.2514,0.1989,0.2073
0.1969,0.2591,0.35,0.2057
0.2055,0.2632,0.35,0.2073
0.204,0.2656,0.35,0.2024
0.2131,0.225,0.2788,0.1919
0.2026,0.2093,0.2626,0.2118
0.2514,0.1989,0.251,0.2577
0.2591,0.35,0.2044,0.2562
0.2632,0.35,0.2372,0.2691
0.2656,0.35,0.2157,0.2662
0.225,0.2788,0.208,0.2282
0.2093,0.2626,0.2085,0.1958
0.1989,0.251,0.2073,0.1948
0.35,0.2044,0.2057,0.342
0.35,0.2372,0.2073,0.35
0.35,0.2157,0.2024,0.35
0.2788,0.208,0.1919,0.2768
0.2626,0.2085,0.2118,0.269
0.251,0.2073,0.2577,0.2495
0.2044,0.2057,0.2562,0.184
0.2372,0.2073,0.2691,0.2112
0.2157,0.2024,0.2662,0.2067
0.208,0.1919,0.2282,0.1929
0.2085,0.2118,0.1958,0.1889
0.2073,0.2577,0.1948,0.1877
0.2057,0.2562,0.342,0.1898
0.2073,0.2691,0.35,0.1984
0.2024,0.2662,0.35,0.2183
0.1919,0.2282,0.2768,0.2271
0.2118,0.1958,0.269,0.2767
0.2577,0.1948,0.2495,0.2811
0.2562,0.342,0.184,0.2686
0.2691,0.35,0.2112,0.2392
0.2662,0.35,0.2067,0.2249
0.2282,0.2768,0.1929,0.2147
0.1958,0.269,0.1889,0.1927
0.1948,0.2495,0.1877,0.1938
0.342,0.184,0.1898,0.3458
0.35,0.2112,0.1984,0.35
0.35,0.2067,0.2183,0.35
0.2768,0.1929,0.2271,0.3153
0.269,0.1889,0.2767,0.3054
0.2495,0.1877,0.2811,0.2811
0.184,0.1898,0.2686,0.2046
0.2112,0.1984,0.2392,0.2315
0.2067,0.2183,0.2249,0.236
0.1929,0.2271,0.2147,0.2073
0.1889,0.2767,0.1927,0.2022
0.1877,0.2811,0.1938,0.1899
0.1898,0.2686,0.3458,0.2025
0.1984,0.2392,0.35,0.2119
0.2183,0.2249,0.35,0.2183
0.2271,0.2147,0.3153,0.2375
0.2767,0.1927,0.3054,0.2862
0.2811,0.1938,0.2811,0.2911
0.2686,0.3458,0.2046,0.269
0.2392,0.35,0.2315,0.2545
0.2249,0.35,0.236,0.2506
0.2147,0.3153,0.2073,0.2337
0.1927,0.3054,0.2022,0.2051
0.1938,0.2811,0.1899,0.215
0.3458,0.2046,0.2025,0.35
0.35,0.2315,0.2119,0.35
0.35,0.236,0.2183,0.35
0.3153,0.2073,0.2375,0.333
0.3054,0.2022,0.2862,0.3132
0.2811,0.1899,0.2911,0.2977
0.2046,0.2025,0.269,0.221
0.2315,0.2119,0.2545,0.2271
0.236,0.2183,0.2506,0.225
0.2073,0.2375,0.2337,0.2102
0.2022,0.2862,0.2051,0.1925
0.1899,0.2911,0.215,0.1951
0.2025,0.269,0.35,0.198
0.2119,0.2545,0.35,0.2052
0.2183,0.2506,0.35,0.2315
0.2375,0.2337,0.333,0.2271
0.2862,0.2051,0.3132,0.2922
0.2911,0.215,0.2977,0.3032
0.269,0.35,0.221,0.3006
0.2545,0.35,0.2271,0.2988
0.2506,0.35,0.225,0.2911
0.2337,0.333,0.2102,0.2388
0.2051,0.3132,0.1925,0.2168
0.215,0.2977,0.1951,0.2062
0.35,0.221,0.198,0.3475
0.35,0.2271,0.2052,0.35
0.35,0.225,0.2315,0.35
0.333,0.2102,0.2271,0.2897
0.3132,0.1925,0.2922,0.2581
0.2977,0.1951,0.3032,0.233
0.221,0.198,0.3006,0.2025
0.2271,0.2052,0.2988,0.2392
0.225,0.2315,0.2911,0.2314
0.2102,0.2271,0.2388,0.2119
0.1925,0.2922,0.2168,0.2029
0.1951,0.3032,0.2062,0.1967
0.198,0.3006,0.3475,0.1982
0.2052,0.2988,0.35,0.2048
0.2315,0.2911,0.35,0.2266
0.2271,0.2388,0.2897,0.2426
0.2922,0.2168,0.2581,0.2567
0.3032,0.2062,0.233,0.2684
0.3006,0.3475,0.2025,0.2516
0.2988,0.35,0.2392,0.2416
0.2911,0.35,0.2314,0.2271
0.2388,0.2897,0.2119,0.2067
0.2168,0.2581,0.2029,0.1846
0.2062,0.233,0.1967,0.183
0.3475,0.2025,0.1982,0.3314
0.35,0.2392,0.2048,0.35
0.35,0.2314,0.2266,0.35
0.2897,0.2119,0.2426,0.2914
0.2581,0.2029,0.2567,0.2979
0.233,0.1967,0.2684,0.2696
0.2025,0.1982,0.2516,0.2072
0.2392,0.2048,0.2416,0.2362
0.2314,0.2266,0.2271,0.2227
0.2119,0.2426,0.2067,0.2148
0.2029,0.2567,0.1846,0.2126
0.1967,0.2684,0.183,0.2117
0.1982,0.2516,0.3314,0.2098
0.2048,0.2416,0.35,0.212
0.2266,0.2271,0.35,0.2308
0.2426,0.2067,0.2914,0.2435
0.2567,0.1846,0.2979,0.2935
0.2684,0.183,0.2696,0.2944
0.2516,0.3314,0.2072,0.2916
0.2416,0.35,0.2362,0.2933
0.2271,0.35,0.2227,0.2911
0.2067,0.2914,0.2148,0.2533
0.1846,0.2979,0.2126,0.2092
0.183,0.2696,0.2117,0.2116
0.3314,0.2072,0.2098,0.3458
0.35,0.2362,0.212,0.35
0.35,0.2227,0.2308,0.35
0.2914,0.2148,0.2435,0.28
0.2979,0.2126,0.2935,0.2734
0.2696,0.2117,0.2944,0.2467
0.2072,0.2098,0.2916,0.2095
0.2362,0.212,0.2933,0.2549
0.2227,0.2308,0.2911,0.2357
0.2148,0.2435,0.2533,0.239
0.2126,0.2935,0.2092,0.2243
0.2117,0.2944,0.2116,0.1993
0.2098,0.2916,0.3458,0.2069
0.212,0.2933,0.35,0.2123
0.2308,0.2911,0.35,0.2213
0.2435,0.2533,0.28,0.2203
0.2935,0.2092,0.2734,0.226
0.2944,0.2116,0.2467,0.262
0.2916,0.3458,0.2095,0.2488
0.2933,0.35,0.2549,0.247
0.2911,0.35,0.2357,0.2425
0.2533,0.28,0.239,0.202
0.2092,0.2734,0.2243,0.1852
0.2116,0.2467,0.1993,0.1842
0.3458,0.2095,0.2069,0.3403
0.35,0.2549,0.2123,0.35
0.35,0.2357,0.2213,0.35
0.28,0.239,0.2203,0.2866
0.2734,0.2243,0.226,0.3102
0.2467,0.1993,0.262,0.2952
0.2095,0.2069,0.2488,0.2289
0.2549,0.2123,0.247,0.2712
0.2357,0.2213,0.2425,0.2534
0.239,0.2203,0.202,0.246
0.2243,0.226,0.1852,0.2147
0.1993,0.262,0.1842,0.1969
0.2069,0.2488,0.3403,0.2036
0.2123,0.247,0.35,0.2044
0.2213,0.2425,0.35,0.2092
0.2203,0.202,0.2866,0.2141
0.226,0.1852,0.3102,0.2304
0.262,0.1842,0.2952,0.2403
0.2488,0.3403,0.2289,0.2585
0.247,0.35,0.2712,0.2668
0.2425,0.35,0.2534,0.2692
0.202,0.2866,0.246,0.252
0.1852,0.3102,0.2147,0.2138
0.1842,0.2952,0.1969,0.2116
0.3403,0.2289,0.2036,0.3498
0.35,0.2712,0.2044,0.35
0.35,0.2534,0.2092,0.35
0.2866,0.246,0.2141,0.2866
0.3102,0.2147,0.2304,0.2806
0.2952,0.1969,0.2403,0.2493
0.2289,0.2036,0.2585,0.227
0.2712,0.2044,0.2668,0.2481
0.2534,0.2092,0.2692,0.2414
0.246,0.2141,0.252,0.2183
0.2147,0.2304,0.2138,0.2178
0.1969,0.2403,0.2116,0.2266
0.2036,0.2585,0.3498,0.2199
0.2044,0.2668,0.35,0.2403
0.2092,0.2692,0.35,0.2422
0.2141,0.252,0.2866,0.2433
0.2304,0.2138,0.2806,0.2371
0.2403,0.2116,0.2493,0.2359
0.2585,0.3498,0.227,0.2349
0.2668,0.35,0.2481,0.2514
0.2692,0.35,0.2414,0.2613
0.252,0.2866,0.2183,0.2303
0.2138,0.2806,0.2178,0.1891
0.2116,0.2493,0.2266,0.1836
0.3498,0.227,0.2199,0.3403
0.35,0.2481,0.2403,0.35
0.35,0.2414,0.2422,0.35
0.2866,0.2183,0.2433,0.2959
0.2806,0.2178,0.2371,0.282
0.2493,0.2266,0.2359,0.2495
0.227,0.2199,0.2349,0.2126
0.2481,0.2403,0.2514,0.2459
0.2414,0.2422,0.2613,0.2364
0.2183,0.2433,0.2303,0.2207
0.2178,0.2371,0.1891,0.226
0.2266,0.2359,0.1836,0.2205
0.2199,0.2349,0.3403,0.2205
0.2403,0.2514,0.35,0.2271
0.2422,0.2613,0.35,0.2545
0.2433,0.2303,0.2959,0.2742
0.2371,0.1891,0.282,0.3087
0.2359,0.1836,0.2495,0.3109
0.2349,0.3403,0.2126,0.3096
0.2514,0.35,0.2459,0.3065
0.2613,0.35,0.2364,0.3113
0.2303,0.2959,0.2207,0.2822
0.1891,0.282,0.226,0.2426
0.1836,0.2495,0.2205,0.2302
0.3403,0.2126,0.2205,0.35
0.35,0.2459,0.2271,0.35
0.35,0.2364,0.2545,0.35
0.2959,0.2207,0.2742,0.3131
0.282,0.226,0.3087,0.3021
0.2495,0.2205,0.3109,0.2686
0.2126,0.2205,0.3096,0.2172
0.2459,0.2271,0.3065,0.2403
0.2364,0.2545,0.3113,0.2403
0.2207,0.2742,0.2822,0.2277
0.226,0.3087,0.2426,0.2296
0.2205,0.3109,0.2302,0.2245
0.2205,0.3096,0.35,0.2251
0.2271,0.3065,0.35,0.2348
0.2545,0.3113,0.35,0.2452
0.2742,0.2822,0.3131,0.2878
0.3087,0.2426,0.3021,0.2897
0.3109,0.2302,0.2686,0.3173
0.3096,0.35,0.2172,0.2792
0.3065,0.35,0.2403,0.2945
0.3113,0.35,0.2403,0.3077
0.2822,0.3131,0.2277,0.2524
0.2426,0.3021,0.2296,0.228
0.2302,0.2686,0.2245,0.2264
0.35,0.2172,0.2251,0.35
0.35,0.2403,0.2348,0.35
0.35,0.2403,0.2452,0.35
0.3131,0.2277,0.2878,0.35
0.3021,0.2296,0.2897,0.35
0.2686,0.2245,0.3173,0.3055
0.2172,0.2251,0.2792,0.2227
0.2403,0.2348,0.2945,0.2449
0.2403,0.2452,0.3077,0.2421
0.2277,0.2878,0.2524,0.2353
0.2296,0.2897,0.228,0.2314
0.2245,0.3173,0.2264,0.2359
0.2251,0.2792,0.35,0.2359
0.2348,0.2945,0.35,0.2575
0.2452,0.3077,0.35,0.258
0.2878,0.2524,0.35,0.2986
0.2897,0.228,0.35,0.3497
0.3173,0.2264,0.3055,0.35
0.2792,0.35,0.2227,0.3497
0.2945,0.35,0.2449,0.3462
0.3077,0.35,0.2421,0.35
0.2524,0.35,0.2353,0.3484
0.228,0.35,0.2314,0.3087
0.2264,0.3055,0.2359,0.3175
0.35,0.2227,0.2359,0.35
0.35,0.2449,0.2575,0.35
0.35,0.2421,0.258,0.35
0.35,0.2353,0.2986,0.35
0.35,0.2314,0.3497,0.35
0.3055,0.2359,0.35,0.3359
0.2227,0.2359,0.3497,0.2517
0.2449,0.2575,0.3462,0.2392
0.2421,0.258,0.35,0.2406
0.2353,0.2986,0.3484,0.2381
0.2314,0.3497,0.3087,0.2312
0.2359,0.35,0.3175,0.2254
0.2359,0.3497,0.35,0.2236
0.2575,0.3462,0.35,0.2675
0.258,0.35,0.35,0.269
0.2986,0.3484,0.35,0.3417
0.3497,0.3087,0.35,0.35
0.35,0.3175,0.3359,0.35
0.3497,0.35,0.2517,0.35
0.3462,0.35,0.2392,0.35
0.35,0.35,0.2406,0.35
0.3484,0.35,0.2381,0.35
0.3087,0.35,0.2312,0.35
0.3175,0.3359,0.2254,0.347
0.35,0.2517,0.2236,0.35
0.35,0.2392,0.2675,0.35
0.35,0.2406,0.269,0.35
0.35,0.2381,0.3417,0.35
0.35,0.2312,0.35,0.35
0.3359,0.2254,0.35,0.343
0.2517,0.2236,0.35,0.2454
0.2392,0.2675,0.35,0.2723
0.2406,0.269,0.35,0.2569
0.2381,0.3417,0.35,0.2536
0.2312,0.35,0.35,0.2514
0.2254,0.35,0.347,0.249
0.2236,0.35,0.35,0.2496
0.2675,0.35,0.35,0.2533
0.269,0.35,0.35,0.258
0.3417,0.35,0.35,0.2745
0.35,0.35,0.35,0.2854
0.35,0.347,0.343,0.3259
0.35,0.35,0.2454,0.2973
0.35,0.35,0.2723,0.3153
0.35,0.35,0.2569,0.2936
0.35,0.35,0.2536,0.2426
0.35,0.35,0.2514,0.2536
0.347,0.343,0.249,0.2535
0.35,0.2454,0.2496,0.35
0.35,0.2723,0.2533,0.35
0.35,0.2569,0.258,0.35
0.35,0.2536,0.2745,0.35
0.35,0.2514,0.2854,0.35
0.343,0.249,0.3259,0.2953
0.2454,0.2496,0.2973,0.2492
0.2723,0.2533,0.3153,0.2697
0.2569,0.258,0.2936,0.2587
0.2536,0.2745,0.2426,0.2537
0.2514,0.2854,0.2536,0.2619
0.249,0.3259,0.2535,0.2477
0.2496,0.2973,0.35,0.258
0.2533,0.3153,0.35,0.2561
0.258,0.2936,0.35,0.249
0.2745,0.2426,0.35,0.2348
0.2854,0.2536,0.35,0.2866
0.3259,0.2535,0.2953,0.3014
0.2973,0.35,0.2492,0.3182
0.3153,0.35,0.2697,0.286
0.2936,0.35,0.2587,0.2868
0.2426,0.35,0.2537,0.2427
0.2536,0.35,0.2619,0.233
0.2535,0.2953,0.2477,0.2337
0.35,0.2492,0.258,0.35
0.35,0.2697,0.2561,0.35
0.35,0.2587,0.249,0.35
0.35,0.2537,0.2348,0.35
0.35,0.2619,0.2866,0.35
0.2953,0.2477,0.3014,0.2933
0.2492,0.258,0.3182,0.237
0.2697,0.2561,0.286,0.2526
0.2587,0.249,0.2868,0.2573
0.2537,0.2348,0.2427,0.2479
0.2619,0.2866,0.233,0.2314
0.2477,0.3014,0.2337,0.2188
0.258,0.3182,0.35,0.2407
0.2561,0.286,0.35,0.2905
0.249,0.2868,0.35,0.35
0.2348,0.2427,0.35,0.35
0.2866,0.233,0.35,0.35
0.3014,0.2337,0.2933,0.35
0.3182,0.35,0.237,0.35
0.286,0.35,0.2526,0.35
0.2868,0.35,0.2573,0.35
0.2427,0.35,0.2479,0.35
0.233,0.35,0.2314,0.35
0.2337,0.2933,0.2188,0.35
0.35,0.237,0.2407,0.35
0.35,0.2526,0.2905,0.35
0.35,0.2573,0.35,0.35
0.35,0.2479,0.35,0.35
0.35,0.2314,0.35,0.35
0.2933,0.2188,0.35,0.35
0.237,0.2407,0.35,0.2843
0.2526,0.2905,0.35,0.2623
0.2573,0.35,0.35,0.2357
0.2479,0.35,0.35,0.2344
0.2314,0.35,0.35,0.2355
0.2188,0.35,0.35,0.2239
0.2407,0.35,0.35,0.2194
0.2905,0.35,0.35,0.2558
0.35,0.35,0.35,0.2913
0.35,0.35,0.35,0.35
0.35,0.35,0.35,0.35
0.35,0.35,0.35,0.35
0.35,0.35,0.2843,0.35
0.35,0.35,0.2623,0.35
0.35,0.35,0.2357,0.35
0.35,0.35,0.2344,0.35
0.35,0.35,0.2355,0.35
0.35,0.35,0.2239,0.35
0.35,0.2843,0.2194,0.35
0.35,0.2623,0.2558,0.35
0.35,0.2357,0.2913,0.35
0.35,0.2344,0.35,0.35
0.35,0.2355,0.35,0.35
0.35,0.2239,0.35,0.3238
0.2843,0.2194,0.35,0.2614
0.2623,0.2558,0.35,0.2634
0.2357,0.2913,0.35,0.2602
0.2344,0.35,0.35,0.2449
0.2355,0.35,0.35,0.2348
0.2239,0.35,0.35,0.2347
0.2194,0.35,0.35,0.2341
0.2558,0.35,0.35,0.2602
0.2913,0.35,0.35,0.2789
0.35,0.35,0.35,0.3349
0.35,0.35,0.35,0.35
0.35,0.35,0.3238,0.35
0.35,0.35,0.2614,0.3354
0.35,0.35,0.2634,0.3199
0.35,0.35,0.2602,0.302
0.35,0.35,0.2449,0.2833
0.35,0.35,0.2348,0.2698
0.35,0.3238,0.2347,0.292
0.35,0.2614,0.2341,0.35
0.35,0.2634,0.2602,0.35
0.35,0.2602,0.2789,0.35
0.35,0.2449,0.3349,0.35
0.35,0.2348,0.35,0.35
0.3238,0.2347,0.35,0.3087
0.2614,0.2341,0.3354,0.2756
0.2634,0.2602,0.3199,0.2474
0.2602,0.2789,0.302,0.237
0.2449,0.3349,0.2833,0.2337
0.2348,0.35,0.2698,0.231
0.2347,0.35,0.292,0.2337
0.2341,0.3354,0.35,0.2316
0.2602,0.3199,0.35,0.2535
0.2789,0.302,0.35,0.2724
0.3349,0.2833,0.35,0.3238
0.35,0.2698,0.35,0.35
0.35,0.292,0.3087,0.35
0.3354,0.35,0.2756,0.35
0.3199,0.35,0.2474,0.35
0.302,0.35,0.237,0.35
0.2833,0.35,0.2337,0.35
0.2698,0.35,0.231,0.35
0.292,0.3087,0.2337,0.35
0.35,0.2756,0.2316,0.35
0.35,0.2474,0.2535,0.35
0.35,0.237,0.2724,0.35
0.35,0.2337,0.3238,0.35
0.35,0.231,0.35,0.35
0.3087,0.2337,0.35,0.35
0.2756,0.2316,0.35,0.283
0.2474,0.2535,0.35,0.2625
0.237,0.2724,0.35,0.2521
0.2337,0.3238,0.35,0.2558
0.231,0.35,0.35,0.2525
0.2337,0.35,0.35,0.2424
0.2316,0.35,0.35,0.2535
0.2535,0.35,0.35,0.2681
0.2724,0.35,0.35,0.3131
0.3238,0.35,0.35,0.35
0.35,0.35,0.35,0.35
0.35,0.35,0.35,0.35
0.35,0.35,0.283,0.35
0.35,0.35,0.2625,0.35
0.35,0.35,0.2521,0.35
0.35,0.35,0.2558,0.35
0.35,0.35,0.2525,0.35
0.35,0.35,0.2424,0.35
0.35,0.283,0.2535,0.35
0.35,0.2625,0.2681,0.35
0.35,0.2521,0.3131,0.35
0.35,0.2558,0.35,0.35
0.35,0.2525,0.35,0.35
0.35,0.2424,0.35,0.3161
0.283,0.2535,0.35,0.2481
0.2625,0.2681,0.35,0.2938
0.2521,0.3131,0.35,0.2756
0.2558,0.35,0.35,0.269
0.2525,0.35,0.35,0.2618
0.2424,0.35,0.35,0.2575
0.2535,0.35,0.35,0.2539
0.2681,0.35,0.35,0.255
0.3131,0.35,0.35,0.257
0.35,0.35,0.35,0.2679
0.35,0.35,0.35,0.339
0.35,0.35,0.3161,0.35
0.35,0.35,0.2481,0.35
0.35,0.35,0.2938,0.35
0.35,0.35,0.2756,0.2944
0.35,0.35,0.269,0.2128
0.35,0.35,0.2618,0.2022
0.35,0.3161,0.2575,0.251
0.35,0.2481,0.2539,0.35
0.35,0.2938,0.255,0.35
0.35,0.2756,0.257,0.35
0.35,0.269,0.2679,0.35
0.35,0.2618,0.339,0.35
0.3161,0.2575,0.35,0.2683
0.2481,0.2539,0.35,0.2492
0.2938,0.255,0.35,0.3032
0.2756,0.257,0.2944,0.2897
0.269,0.2679,0.2128,0.2691
0.2618,0.339,0.2022,0.2717
0.2575,0.35,0.251,0.2612
0.2539,0.35,0.35,0.2617
0.255,0.35,0.35,0.2724
0.257,0.2944,0.35,0.2808
0.2679,0.2128,0.35,0.2591
0.339,0.2022,0.35,0.2675
0.35,0.251,0.2683,0.3198
0.35,0.35,0.2492,0.2888
0.35,0.35,0.3032,0.3308
0.2944,0.35,0.2897,0.35
0.2128,0.35,0.2691,0.339
0.2022,0.35,0.2717,0.3065
0.251,0.2683,0.2612,0.3171
0.35,0.2492,0.2617,0.35
0.35,0.3032,0.2724,0.35
0.35,0.2897,0.2808,0.35
0.35,0.2691,0.2591,0.35
0.35,0.2717,0.2675,0.3496
0.2683,0.2612,0.3198,0.3053
0.2492,0.2617,0.2888,0.2481
0.3032,0.2724,0.3308,0.2866
0.2897,0.2808,0.35,0.2635
0.2691,0.2591,0.339,0.2635
0.2717,0.2675,0.3065,0.2498
0.2612,0.3198,0.3171,0.2353
0.2617,0.2888,0.35,0.247
0.2724,0.3308,0.35,0.2933
0.2808,0.35,0.35,0.2769
0.2591,0.339,0.35,0.3385
0.2675,0.3065,0.3496,0.35
0.3198,0.3171,0.3053,0.35
0.2888,0.35,0.2481,0.35
0.3308,0.35,0.2866,0.35
0.35,0.35,0.2635,0.35
0.339,0.35,0.2635,0.35
0.3065,0.3496,0.2498,0.35
0.3171,0.3053,0.2353,0.35
0.35,0.2481,0.247,0.35
0.35,0.2866,0.2933,0.35
0.35,0.2635,0.2769,0.35
0.35,0.2635,0.3385,0.35
0.3496,0.2498,0.35,0.35
0.3053,0.2353,0.35,0.272
0.2481,0.247,0.35,0.2481
0.2866,0.2933,0.35,0.2586
0.2635,0.2769,0.35,0.2448
0.2635,0.3385,0.35,0.2488
0.2498,0.35,0.35,0.2492
0.2353,0.35,0.35,0.2448
0.247,0.35,0.35,0.2448
0.2933,0.35,0.35,0.3017
0.2769,0.35,0.35,0.3087
0.3385,0.35,0.35,0.3029
0.35,0.35,0.35,0.35
0.35,0.35,0.272,0.35
0.35,0.35,0.2481,0.35
0.35,0.35,0.2586,0.35
0.35,0.35,0.2448,0.35
0.35,0.35,0.2488,0.35
0.35,0.35,0.2492,0.35
0.35,0.272,0.2448,0.35
0.35,0.2481,0.2448,0.35
0.35,0.2586,0.3017,0.35
0.35,0.2448,0.3087,0.35
0.35,0.2488,0.3029,0.35
0.35,0.2492,0.35,0.35
0.272,0.2448,0.35,0.3073
0.2481,0.2448,0.35,0.245
0.2586,0.3017,0.35,0.2649
0.2448,0.3087,0.35,0.2712
0.2488,0.3029,0.35,0.2756
0.2492,0.35,0.35,0.2505
0.2448,0.35,0.35,0.2648
0.2448,0.35,0.35,0.2756
0.3017,0.35,0.35,0.2866
0.3087,0.35,0.35,0.3032
0.3029,0.35,0.35,0.3128
0.35,0.35,0.35,0.35
0.35,0.35,0.3073,0.35
0.35,0.35,0.245,0.35
0.35,0.35,0.2649,0.35
0.35,0.35,0.2712,0.35
0.35,0.35,0.2756,0.35
0.35,0.35,0.2505,0.35
0.35,0.3073,0.2648,0.35
0.35,0.245,0.2756,0.35
0.35,0.2649,0.2866,0.35
0.35,0.2712,0.3032,0.35
0.35,0.2756,0.3128,0.35
0.35,0.2505,0.35,0.35
0.3073,0.2648,0.35,0.35
0.245,0.2756,0.35,0.2865
0.2649,0.2866,0.35,0.3111
0.2712,0.3032,0.35,0.2987
0.2756,0.3128,0.35,0.2992
0.2505,0.35,0.35,0.2752
0.2648,0.35,0.35,0.2677
0.2756,0.35,0.35,0.2591
0.2866,0.35,0.35,0.3161
0.3032,0.35,0.35,0.3492
0.3128,0.35,0.35,0.35
0.35,0.35,0.35,0.35
0.35,0.35,0.35,0.35
0.35,0.35,0.2865,0.35
0.35,0.35,0.3111,0.35
0.35,0.35,0.2987,0.35
0.35,0.35,0.2992,0.35
0.35,0.35,0.2752,0.35
0.35,0.35,0.2677,0.35
0.35,0.2865,0.2591,0.35
0.35,0.3111,0.3161,0.35
0.35,0.2987,0.3492,0.35
0.35,0.2992,0.35,0.35
0.35,0.2752,0.35,0.35
0.35,0.2677,0.35,0.3497
0.2865,0.2591,0.35,0.2852
0.3111,0.3161,0.35,0.2878
0.2987,0.3492,0.35,0.2736
0.2992,0.35,0.35,0.2988
0.2752,0.35,0.35,0.2721
0.2677,0.35,0.35,0.2624
0.2591,0.35,0.35,0.2514
0.3161,0.35,0.35,0.289
0.3492,0.35,0.35,0.3153
0.35,0.35,0.35,0.3249
0.35,0.35,0.35,0.35
0.35,0.35,0.3497,0.3404
0.35,0.35,0.2852,0.3216
0.35,0.35,0.2878,0.2884
0.35,0.35,0.2736,0.2734
0.35,0.35,0.2988,0.2712
0.35,0.35,0.2721,0.2602
0.35,0.3497,0.2624,0.2606
0.35,0.2852,0.2514,0.35
0.35,0.2878,0.289,0.35
0.35,0.2736,0.3153,0.35
0.35,0.2988,0.3249,0.35
0.35,0.2721,0.35,0.35
0.3497,0.2624,0.3404,0.3249
0.2852,0.2514,0.3216,0.28
0.2878,0.289,0.2884,0.3087
0.2736,0.3153,0.2734,0.2789
0.2988,0.3249,0.2712,0.2787
0.2721,0.35,0.2602,0.28
0.2624,0.3404,0.2606,0.2756
0.2514,0.3216,0.35,0.2683
0.289,0.2884,0.35,0.2668
0.3153,0.2734,0.35,0.3087
0.3249,0.2712,0.35,0.2796
0.35,0.2602,0.35,0.3404
0.3404,0.2606,0.3249,0.35
0.3216,0.35,0.28,0.35
0.2884,0.35,0.3087,0.35
0.2734,0.35,0.2789,0.35
0.2712,0.35,0.2787,0.2745
0.2602,0.35,0.28,0.2686
0.2606,0.3249,0.2756,0.268
0.35,0.28,0.2683,0.35
0.35,0.3087,0.2668,0.35
0.35,0.2789,0.3087,0.35
0.35,0.2787,0.2796,0.35
0.35,0.28,0.3404,0.3106
0.3249,0.2756,0.35,0.3065
0.28,0.2683,0.35,0.2842
0.3087,0.2668,0.35,0.2724
0.2789,0.3087,0.35,0.2654
0.2787,0.2796,0.2745,0.2583
0.28,0.3404,0.2686,0.258
0.2756,0.35,0.268,0.2536
0.2683,0.35,0.35,0.2536
0.2668,0.35,0.35,0.2558
0.3087,0.35,0.35,0.258
0.2796,0.2745,0.35,0.2693
0.3404,0.2686,0.3106,0.2894
0.35,0.268,0.3065,0.3127
0.35,0.35,0.2842,0.3459
0.35,0.35,0.2724,0.3249
0.35,0.35,0.2654,0.3337
0.2745,0.35,0.2583,0.2992
0.2686,0.3106,0.258,0.2853
0.268,0.3065,0.2536,0.301
0.35,0.2842,0.2536,0.35
0.35,0.2724,0.2558,0.35
0.35,0.2654,0.258,0.35
0.35,0.2583,0.2693,0.35
0.3106,0.258,0.2894,0.3483
0.3065,0.2536,0.3127,0.3069
0.2842,0.2536,0.3459,0.2701
0.2724,0.2558,0.3249,0.2606
0.2654,0.258,0.3337,0.2432
0.2583,0.2693,0.2992,0.2495
0.258,0.2894,0.2853,0.2546
0.2536,0.3127,0.301,0.2315
0.2536,0.3459,0.35,0.2414
0.2558,0.3249,0.35,0.2934
0.258,0.3337,0.35,0.3084
0.2693,0.2992,0.35,0.347
0.2894,0.2853,0.3483,0.35
0.3127,0.301,0.3069,0.35
0.3459,0.35,0.2701,0.35
0.3249,0.35,0.2606,0.3437
0.3337,0.35,0.2432,0.3323
0.2992,0.35,0.2495,0.3195
0.2853,0.3483,0.2546,0.3282
0.301,0.3069,0.2315,0.3164
0.35,0.2701,0.2414,0.35
0.35,0.2606,0.2934,0.35
0.35,0.2432,0.3084,0.35
0.35,0.2495,0.347,0.35
0.3483,0.2546,0.35,0.35
0.3069,0.2315,0.35,0.319
0.2701,0.2414,0.35,0.2646
0.2606,0.2934,0.3437,0.3021
0.2432,0.3084,0.3323,0.2988
0.2495,0.347,0.3195,0.28
0.2546,0.35,0.3282,0.2745
0.2315,0.35,0.3164,0.2724
0.2414,0.35,0.35,0.2944
0.2934,0.3437,0.35,0.3008
0.3084,0.3323,0.35,0.3477
0.347,0.3195,0.35,0.35
0.35,0.3282,0.35,0.35
0.35,0.3164,0.319,0.35
0.35,0.35,0.2646,0.35
0.3437,0.35,0.3021,0.3492
0.3323,0.35,0.2988,0.3382
0.3195,0.35,0.28,0.3216
0.3282,0.35,0.2745,0.3131
0.3164,0.319,0.2724,0.3098
0.35,0.2646,0.2944,0.35
0.35,0.3021,0.3008,0.35
0.35,0.2988,0.3477,0.35
0.35,0.28,0.35,0.35
0.35,0.2745,0.35,0.3324
0.319,0.2724,0.35,0.3221
0.2646,0.2944,0.35,0.3129
0.3021,0.3008,0.3492,0.35
0.2988,0.3477,0.3382,0.3416
0.28,0.35,0.3216,0.3298
0.2745,0.35,0.3131,0.3301
0.2724,0.35,0.3098,0.3263
0.2944,0.35,0.35,0.3281
0.3008,0.3492,0.35,0.3244
0.3477,0.3382,0.35,0.35
0.35,0.3216,0.35,0.3426
0.35,0.3131,0.3324,0.35
0.35,0.3098,0.3221,0.35
0.35,0.35,0.3129,0.3488
0.3492,0.35,0.35,0.35
0.3382,0.35,0.3416,0.3217
0.3216,0.35,0.3298,0.3142
0.3131,0.3324,0.3301,0.2866
0.3098,0.3221,0.3263,0.3061
0.35,0.3129,0.3281,0.35
0.35,0.35,0.3244,0.35
0.35,0.3416,0.35,0.35
0.35,0.3298,0.3426,0.35
0.3324,0.3301,0.35,0.3355
0.3221,0.3263,0.35,0.33
0.3129,0.3281,0.3488,0.3205
0.35,0.3244,0.35,0.3469
0.3416,0.35,0.3217,0.3283
0.3298,0.3426,0.3142,0.187
0.3301,0.35,0.2866,0.1548
0.3263,0.35,0.3061,0.118
0.3281,0.3488,0.35,0.1619
0.3244,0.35,0.35,0.2327
0.35,0.3217,0.35,0.327
0.3426,0.3142,0.35,0.3393
0.35,0.2866,0.3355,0.3448
0.35,0.3061,0.33,0.3205
0.3488,0.35,0.3205,0.3049
0.35,0.35,0.3469,0.3274
0.3217,0.35,0.3283,0.3489
0.3142,0.35,0.187,0.3452
0.2866,0.3355,0.1548,0.3416
0.3061,0.33,0.118,0.3286
0.35,0.3205,0.1619,0.35
0.35,0.3469,0.2327,0.35
0.35,0.3283,0.327,0.35
0.35,0.187,0.3393,0.35
0.3355,0.1548,0.3448,0.35
0.33,0.118,0.3205,0.3481
0.3205,0.1619,0.3049,0.3293
0.3469,0.2327,0.3274,0.3459
0.3283,0.327,0.3489,0.35
0.187,0.3393,0.3452,0.3461
0.1548,0.3448,0.3416,0.3197
0.118,0.3205,0.3286,0.2723
0.1619,0.3049,0.35,0.2723
0.2327,0.3274,0.35,0.2977
0.327,0.3489,0.35,0.3329
0.3393,0.3452,0.35,0.3301
0.3448,0.3416,0.35,0.35
0.3205,0.3286,0.3481,0.3412
0.3049,0.35,0.3293,0.3091
0.3274,0.35,0.3459,0.3022
0.3489,0.35,0.35,0.2935
0.3452,0.35,0.3461,0.2889
0.3416,0.35,0.3197,0.287
0.3286,0.3481,0.2723,0.288
0.35,0.3293,0.2723,0.35
0.35,0.3459,0.2977,0.35
0.35,0.35,0.3329,0.35
0.35,0.3461,0.3301,0.35
0.35,0.3197,0.35,0.35
0.3481,0.2723,0.3412,0.3382
0.3293,0.2723,0.3091,0.3326
0.3459,0.2977,0.3022,0.3168
0.35,0.3329,0.2935,0.2873
0.3461,0.3301,0.2889,0.2977
0.3197,0.35,0.287,0.2858
0.2723,0.3412,0.288,0.2844
0.2723,0.3091,0.35,0.289
0.2977,0.3022,0.35,0.3095
0.3329,0.2935,0.35,0.3321
0.3301,0.2889,0.35,0.3194
0.35,0.287,0.35,0.3495
0.3412,0.288,0.3382,0.35
0.3091,0.35,0.3326,0.35
0.3022,0.35,0.3168,0.35
0.2935,0.35,0.2873,0.3312
0.2889,0.35,0.2977,0.2905
0.287,0.35,0.2858,0.2822
0.288,0.3382,0.2844,0.2822
0.35,0.3326,0.289,0.35
0.35,0.3168,0.3095,0.35
0.35,0.2873,0.3321,0.35
0.35,0.2977,0.3194,0.35
0.35,0.2858,0.3495,0.326
0.3382,0.2844,0.35,0.3063
0.3326,0.289,0.35,0.3174
0.3168,0.3095,0.35,0.3219
0.2873,0.3321,0.3312,0.2897
0.2977,0.3194,0.2905,0.35
0.2858,0.3495,0.2822,0.3087
0.2844,0.35,0.2822,0.2767
0.289,0.35,0.35,0.2597
0.3095,0.35,0.35,0.2666
0.3321,0.3312,0.35,0.2756
0.3194,0.2905,0.35,0.2658
0.3495,0.2822,0.326,0.3112
0.35,0.2822,0.3063,0.35
0.35,0.35,0.3174,0.3435
0.35,0.35,0.3219,0.3039
0.3312,0.35,0.2897,0.2861
0.2905,0.35,0.35,0.2798
0.2822,0.326,0.3087,0.2624
0.2822,0.3063,0.2767,0.2734
0.35,0.3174,0.2597,0.35
0.35,0.3219,0.2666,0.35
0.35,0.2897,0.2756,0.35
0.35,0.35,0.2658,0.35
0.326,0.3087,0.3112,0.3393
0.3063,0.2767,0.35,0.3382
0.3174,0.2597,0.3435,0.2955
0.3219,0.2666,0.3039,0.2723
0.2897,0.2756,0.2861,0.2536
0.35,0.2658,0.2798,0.2711
0.3087,0.3112,0.2624,0.2271
0.2767,0.35,0.2734,0.2271
0.2597,0.3435,0.35,0.228
0.2666,0.3039,0.35,0.3109
0.2756,0.2861,0.35,0.3363
0.2658,0.2798,0.35,0.3084
0.3112,0.2624,0.3393,0.35
0.35,0.2734,0.3382,0.35
0.3435,0.35,0.2955,0.3175
0.3039,0.35,0.2723,0.2822
0.2861,0.35,0.2536,0.2756
0.2798,0.35,0.2711,0.2194
0.2624,0.3393,0.2271,0.2214
0.2734,0.3382,0.2271,0.256
0.35,0.2955,0.228,0.35
0.35,0.2723,0.3109,0.35
0.35,0.2536,0.3363,0.35
0.35,0.2711,0.3084,0.35
0.3393,0.2271,0.35,0.3164
0.3382,0.2271,0.35,0.3131
0.2955,0.228,0.3175,0.2481
0.2723,0.3109,0.2822,0.3385
0.2536,0.3363,0.2756,0.2707
0.2711,0.3084,0.2194,0.2703
0.2271,0.35,0.2214,0.2514
0.2271,0.35,0.256,0.2558
0.228,0.3175,0.35,0.2866
0.3109,0.2822,0.35,0.3479
0.3363,0.2756,0.35,0.3426
0.3084,0.2194,0.35,0.3426
0.35,0.2214,0.3164,0.35
0.35,0.256,0.3131,0.35
0.3175,0.35,0.2481,0.3366
0.2822,0.35,0.3385,0.3418
0.2756,0.35,0.2707,0.3308
0.2194,0.35,0.2703,0.3196
0.2214,0.3164,0.2514,0.3331
0.256,0.3131,0.2558,0.3263
0.35,0.2481,0.2866,0.35
0.35,0.3385,0.3479,0.35
0.35,0.2707,0.3426,0.35
0.35,0.2703,0.3426,0.35
0.3164,0.2514,0.35,0.3484
0.3131,0.2558,0.35,0.337
0.2481,0.2866,0.3366,0.3293
0.3385,0.3479,0.3418,0.3116
0.2707,0.3426,0.3308,0.301
0.2703,0.3426,0.3196,0.3043
0.2514,0.35,0.3331,0.3022
0.2558,0.35,0.3263,0.2938
0.2866,0.3366,0.35,0.2455
0.3479,0.3418,0.35,0.2918
0.3426,0.3308,0.35,0.3313
0.3426,0.3196,0.35,0.35
0.35,0.3331,0.3484,0.35
0.35,0.3263,0.337,0.35
0.3366,0.35,0.3293,0.3181
0.3418,0.35,0.3116,0.2998
0.3308,0.35,0.301,0.2978
0.3196,0.35,0.3043,0.2582
0.3331,0.3484,0.3022,0.2538
0.3263,0.337,0.2938,0.2849
0.35,0.3293,0.2455,0.35
0.35,0.3116,0.2918,0.35
0.35,0.301,0.3313,0.35
0.35,0.3043,0.35,0.35
0.3484,0.3022,0.35,0.35
0.337,0.2938,0.35,0.3426
0.3293,0.2455,0.3181,0.3348
0.3116,0.2918,0.2998,0.35
0.301,0.3313,0.2978,0.35
0.3043,0.35,0.2582,0.35
0.3022,0.35,0.2538,0.2999
0.2938,0.35,0.2849,0.2646
0.2455,0.3181,0.35,0.2118
0.2918,0.2998,0.35,0.2624
0.3313,0.2978,0.35,0.3387
0.35,0.2582,0.35,0.347
0.35,0.2538,0.35,0.35
0.35,0.2849,0.3426,0.35
0.3181,0.35,0.3348,0.35
0.2998,0.35,0.35,0.35
0.2978,0.35,0.35,0.35
0.2582,0.35,0.35,0.35
0.2538,0.35,0.2999,0.3411
0.2849,0.3426,0.2646,0.3355
0.35,0.3348,0.2118,0.35
0.35,0.35,0.2624,0.35
0.35,0.35,0.3387,0.35
0.35,0.35,0.347,0.35
0.35,0.2999,0.35,0.3357
0.3426,0.2646,0.35,0.35
0.3348,0.2118,0.35,0.3348
0.35,0.2624,0.35,0.35
0.35,0.3387,0.35,0.3485
0.35,0.347,0.35,0.3266
0.2999,0.35,0.3411,0.2762
0.2646,0.35,0.3355,0.2002
0.2118,0.35,0.35,0.1499
0.2624,0.35,0.35,0.2669
0.3387,0.35,0.35,0.35
0.347,0.35,0.35,0.35
0.35,0.3411,0.3357,0.35
0.35,0.3355,0.35,0.35
0.35,0.35,0.3348,0.35
0.35,0.35,0.35,0.35
0.35,0.35,0.3485,0.3329
0.35,0.35,0.3266,0.2492
0.3411,0.3357,0.2762,0.2359
0.3355,0.35,0.2002,0.2893
0.35,0.3348,0.1499,0.35
0.35,0.35,0.2669,0.35
0.35,0.3485,0.35,0.35
0.35,0.3266,0.35,0.35
0.3357,0.2762,0.35,0.35
0.35,0.2002,0.35,0.35
0.3348,0.1499,0.35,0.35
0.35,0.2669,0.35,0.35
0.3485,0.35,0.3329,0.35
0.3266,0.35,0.2492,0.35
0.2762,0.35,0.2359,0.35
0.2002,0.35,0.2893,0.3175
0.1499,0.35,0.35,0.2736
0.2669,0.35,0.35,0.3393
0.35,0.3329,0.35,0.35
0.35,0.2492,0.35,0.3426
0.35,0.2359,0.35,0.35
0.35,0.2893,0.35,0.35
0.35,0.35,0.35,0.35
0.35,0.35,0.35,0.35
0.3329,0.35,0.35,0.35
0.2492,0.35,0.35,0.35
0.2359,0.35,0.35,0.35
0.2893,0.35,0.3175,0.35
0.35,0.35,0.2736,0.35
0.35,0.35,0.3393,0.35
0.35,0.35,0.35,0.35
0.35,0.35,0.3426,0.35
0.35,0.35,0.35,0.3452
0.35,0.3175,0.35,0.35
0.35,0.2736,0.35,0.3494
0.35,0.3393,0.35,0.35
0.35,0.35,0.35,0.35
0.35,0.3426,0.35,0.35
0.35,0.35,0.35,0.3273
0.3175,0.35,0.35,0.218
0.2736,0.35,0.35,0.185
0.3393,0.35,0.35,0.1702
0.35,0.35,0.35,0.2716
0.3426,0.35,0.35,0.269
0.35,0.35,0.3452,0.3193
0.35,0.35,0.35,0.35
0.35,0.35,0.3494,0.35
0.35,0.35,0.35,0.3152
0.35,0.35,0.35,0.3073
0.35,0.35,0.35,0.2668
0.35,0.3452,0.3273,0.2293
0.35,0.35,0.218,0.2393
0.35,0.3494,0.185,0.35
0.35,0.35,0.1702,0.35
0.35,0.35,0.2716,0.35
0.35,0.35,0.269,0.35
0.3452,0.3273,0.3193,0.3267
0.35,0.218,0.35,0.3206
0.3494,0.185,0.35,0.217
0.35,0.1702,0.3152,0.2866
0.35,0.2716,0.3073,0.2522
0.35,0.269,0.2668,0.3133
0.3273,0.3193,0.2293,0.3131
0.218,0.35,0.2393,0.3171
0.185,0.35,0.35,0.3131
0.1702,0.3152,0.35,0.3396
0.2716,0.3073,0.35,0.35
0.269,0.2668,0.35,0.3473
0.3193,0.2293,0.3267,0.35
0.35,0.2393,0.3206,0.35
0.35,0.35,0.217,0.348
0.3152,0.35,0.2866,0.3353
0.3073,0.35,0.2522,0.326
0.2668,0.35,0.3133,0.3139
0.2293,0.3267,0.3131,0.312
0.2393,0.3206,0.3171,0.3199
0.35,0.217,0.3131,0.35
0.35,0.2866,0.3396,0.35
0.35,0.2522,0.35,0.35
0.35,0.3133,0.3473,0.35
0.3267,0.3131,0.35,0.35
0.3206,0.3171,0.35,0.35
0.217,0.3131,0.348,0.3459
0.2866,0.3396,0.3353,0.35
0.2522,0.35,0.326,0.35
0.3133,0.3473,0.3139,0.35
0.3131,0.35,0.312,0.3462
0.3171,0.35,0.3199,0.2936
0.3131,0.348,0.35,0.2621
0.3396,0.3353,0.35,0.3167
0.35,0.326,0.35,0.35
0.3473,0.3139,0.35,0.35
0.35,0.312,0.35,0.35
0.35,0.3199,0.35,0.35
0.348,0.35,0.3459,0.35
0.3353,0.35,0.35,0.35
0.326,0.35,0.35,0.35
0.3139,0.35,0.35,0.3309
0.312,0.35,0.3462,0.3206
0.3199,0.35,0.2936,0.3301
0.35,0.3459,0.2621,0.35
0.35,0.35,0.3167,0.35
0.35,0.35,0.35,0.35
0.35,0.35,0.35,0.35
0.35,0.3462,0.35,0.35
0.35,0.2936,0.35,0.35
0.3459,0.2621,0.35,0.3238
0.35,0.3167,0.35,0.3293
0.35,0.35,0.35,0.2664
0.35,0.35,0.3309,0.2787
0.3462,0.35,0.3206,0.2811
0.2936,0.35,0.3301,0.2547
0.2621,0.35,0.35,0.2734
0.3167,0.35,0.35,0.3293
0.35,0.35,0.35,0.35
0.35,0.3309,0.35,0.35
0.35,0.3206,0.35,0.35
0.35,0.3301,0.35,0.35
0.35,0.35,0.3238,0.35
0.35,0.35,0.3293,0.35
0.35,0.35,0.2664,0.35
0.3309,0.35,0.2787,0.35
0.3206,0.35,0.2811,0.35
0.3301,0.35,0.2547,0.35
0.35,0.3238,0.2734,0.35
0.35,0.3293,0.3293,0.35
0.35,0.2664,0.35,0.35
0.35,0.2787,0.35,0.35
0.35,0.2811,0.35,0.35
0.35,0.2547,0.35,0.35
0.3238,0.2734,0.35,0.35
0.3293,0.3293,0.35,0.35
0.2664,0.35,0.35,0.35
0.2787,0.35,0.35,0.35
0.2811,0.35,0.35,0.35
0.2547,0.35,0.35,0.35
0.2734,0.35,0.35,0.35
0.3293,0.35,0.35,0.35
0.35,0.35,0.35,0.35
0.35,0.35,0.35,0.35
0.35,0.35,0.35,0.35
0.35,0.35,0.35,0.35
0.35,0.35,0.35,0.35
0.35,0.35,0.35,0.35
0.35,0.35,0.35,0.35
0.35,0.35,0.35,0.35
0.35,0.35,0.35,0.35
0.35,0.35,0.35,0.35
0.35,0.35,0.35,0.35
0.35,0.35,0.35,0.35
0.35,0.35,0.35,0.35
0.35,0.35,0.35,0.35
0.35,0.35,0.35,0.35
0.35,0.35,0.35,0.35
0.35,0.35,0.35,0.35
0.35,0.35,0.35,0.35
0.35,0.35,0.35,0.35
0.35,0.35,0.35,0.35
0.35,0.35,0.35,0.35
0.35,0.35,0.35,0.35
0.35,0.35,0.35,0.35
0.35,0.35,0.35,0.35
0.35,0.35,0.35,0.35
0.35,0.35,0.35,0.35
0.35,0.35,0.35,0.35
0.35,0.35,0.35,0.35
0.35,0.35,0.35,0.35
0.35,0.35,0.35,0.35
0.35,0.35,0.35,0.3219
0.35,0.35,0.35,0.3138
0.35,0.35,0.35,0.3415
0.35,0.35,0.35,0.35
0.35,0.35,0.35,0.35
0.35,0.35,0.35,0.35
0.35,0.35,0.35,0.35
0.35,0.35,0.35,0.35
0.35,0.35,0.35,0.35
0.35,0.35,0.35,0.35
0.35,0.35,0.35,0.35
0.35,0.35,0.35,0.35
0.35,0.35,0.3219,0.35
0.35,0.35,0.3138,0.35
0.35,0.35,0.3415,0.35
0.35,0.35,0.35,0.35
0.35,0.35,0.35,0.35
0.35,0.35,0.35,0.35
0.35,0.3219,0.35,0.35
0.35,0.3138,0.35,0.35
0.35,0.3415,0.35,0.35
0.35,0.35,0.35,0.35
0.35,0.35,0.35,0.35
0.35,0.35,0.35,0.35
0.3219,0.35,0.35,0.35
0.3138,0.35,0.35,0.35
0.3415,0.35,0.35,0.35
0.35,0.35,0.35,0.35
0.35,0.35,0.35,0.35
0.35,0.35,0.35,0.35
0.35,0.35,0.35,0.35
0.35,0.35,0.35,0.35
0.35,0.35,0.35,0.35
0.35,0.35,0.35,0.35
0.35,0.35,0.35,0.35
0.35,0.35,0.35,0.35
0.35,0.35,0.35,0.35
0.35,0.35,0.35,0.341
0.35,0.35,0.35,0.3337
0.35,0.35,0.35,0.3067
0.35,0.35,0.35,0.3096
0.35,0.35,0.35,0.3164
0.35,0.35,0.35,0.314
0.35,0.35,0.35,0.3487
0.35,0.35,0.35,0.35
0.35,0.35,0.35,0.35
0.35,0.35,0.35,0.35
0.35,0.35,0.35,0.3285
0.35,0.35,0.35,0.3235
0.35,0.35,0.341,0.3032
0.35,0.35,0.3337,0.3208
0.35,0.35,0.3067,0.301
0.35,0.35,0.3096,0.35
0.35,0.35,0.3164,0.35
0.35,0.35,0.314,0.35
0.35,0.341,0.3487,0.35
0.35,0.3337,0.35,0.3293
0.35,0.3067,0.35,0.35
0.35,0.3096,0.35,0.3205
0.35,0.3164,0.3285,0.3291
0.35,0.314,0.3235,0.3348
0.341,0.3487,0.3032,0.3461
0.3337,0.35,0.3208,0.3418
0.3067,0.35,0.301,0.3385
0.3096,0.35,0.35,0.3462
0.3164,0.3285,0.35,0.35
0.314,0.3235,0.35,0.35
0.3487,0.3032,0.35,0.35
0.35,0.3208,0.3293,0.35
0.35,0.301,0.35,0.35
0.35,0.35,0.3205,0.35
0.3285,0.35,0.3291,0.35
0.3235,0.35,0.3348,0.35
0.3032,0.35,0.3461,0.3459
0.3208,0.3293,0.3418,0.3274
0.301,0.35,0.3385,0.3116
0.35,0.3205,0.3462,0.35
0.35,0.3291,0.35,0.35
0.35,0.3348,0.35,0.35
0.35,0.3461,0.35,0.35
0.3293,0.3418,0.35,0.35
0.35,0.3385,0.35,0.35
0.3205,0.3462,0.35,0.35
0.3291,0.35,0.35,0.3482
0.3348,0.35,0.35,0.3315
0.3461,0.35,0.3459,0.3356
0.3418,0.35,0.3274,0.3331
0.3385,0.35,0.3116,0.337
0.3462,0.35,0.35,0.3334
0.35,0.35,0.35,0.3442
0.35,0.35,0.35,0.35
0.35,0.3459,0.35,0.35
0.35,0.3274,0.35,0.35
0.35,0.3116,0.35,0.35
0.35,0.35,0.35,0.35
0.35,0.35,0.3482,0.35
0.35,0.35,0.3315,0.35
0.3459,0.35,0.3356,0.35
0.3274,0.35,0.3331,0.35
0.3116,0.35,0.337,0.35
0.35,0.35,0.3334,0.35
0.35,0.3482,0.3442,0.35
0.35,0.3315,0.35,0.35
0.35,0.3356,0.35,0.35
0.35,0.3331,0.35,0.35
0.35,0.337,0.35,0.35
0.35,0.3334,0.35,0.347
0.3482,0.3442,0.35,0.35
0.3315,0.35,0.35,0.35
0.3356,0.35,0.35,0.35
0.3331,0.35,0.35,0.35
0.337,0.35,0.35,0.3462
0.3334,0.35,0.35,0.3375
0.3442,0.35,0.35,0.35
0.35,0.35,0.35,0.35
0.35,0.35,0.35,0.35
0.35,0.35,0.35,0.35
0.35,0.35,0.35,0.35
0.35,0.35,0.347,0.35
0.35,0.35,0.35,0.35
0.35,0.35,0.35,0.35
0.35,0.35,0.35,0.347
0.35,0.35,0.35,0.347
0.35,0.35,0.3462,0.347
0.35,0.347,0.3375,0.35
0.35,0.35,0.35,0.35
0.35,0.35,0.35,0.35
0.35,0.35,0.35,0.35
0.35,0.35,0.35,0.347
0.35,0.3462,0.35,0.35
0.347,0.3375,0.35,0.35
0.35,0.35,0.35,0.35
0.35,0.35,0.35,0.35
0.35,0.35,0.347,0.35
0.35,0.35,0.347,0.35
0.3462,0.35,0.347,0.3042
0.3375,0.35,0.35,0.3044
0.35,0.35,0.35,0.35
0.35,0.35,0.35,0.35
0.35,0.347,0.35,0.35
0.35,0.347,0.347,0.35
0.35,0.347,0.35,0.35
0.35,0.35,0.35,0.35
0.35,0.35,0.35,0.35
0.35,0.35,0.35,0.35
0.347,0.35,0.35,0.337
0.347,0.347,0.35,0.3263
0.347,0.35,0.3042,0.3297
0.35,0.35,0.3044,0.35
0.35,0.35,0.35,0.35
0.35,0.35,0.35,0.35
0.35,0.35,0.35,0.35
0.347,0.35,0.35,0.35
0.35,0.3042,0.35,0.35
0.35,0.3044,0.35,0.3304
0.35,0.35,0.35,0.3426
0.35,0.35,0.35,0.3256
0.35,0.35,0.337,0.3435
0.35,0.35,0.3263,0.35
0.3042,0.35,0.3297,0.35
0.3044,0.35,0.35,0.35
0.35,0.35,0.35,0.35
0.35,0.35,0.35,0.35
0.35,0.337,0.35,0.35
0.35,0.3263,0.35,0.35
0.35,0.3297,0.35,0.35
0.35,0.35,0.3304,0.35
0.35,0.35,0.3426,0.35
0.35,0.35,0.3256,0.35
0.337,0.35,0.3435,0.35
0.3263,0.35,0.35,0.35
0.3297,0.35,0.35,0.35
0.35,0.3304,0.35,0.35
0.35,0.3426,0.35,0.35
0.35,0.3256,0.35,0.35
0.35,0.3435,0.35,0.35
0.35,0.35,0.35,0.35
0.35,0.35,0.35,0.35
0.3304,0.35,0.35,0.35
0.3426,0.35,0.35,0.35
0.3256,0.35,0.35,0.35
0.3435,0.35,0.35,0.35
0.35,0.35,0.35,0.35
0.35,0.35,0.35,0.3426
0.35,0.35,0.35,0.3352
0.35,0.35,0.35,0.35
0.35,0.35,0.35,0.35
0.35,0.35,0.35,0.35
0.35,0.35,0.35,0.35
0.35,0.35,0.35,0.35
0.35,0.35,0.35,0.35
0.35,0.35,0.35,0.35
0.35,0.35,0.35,0.35
0.35,0.35,0.35,0.35
0.35,0.35,0.35,0.35
0.35,0.35,0.3426,0.35
0.35,0.35,0.3352,0.35
0.35,0.35,0.35,0.35
0.35,0.35,0.35,0.35
0.35,0.35,0.35,0.35
0.35,0.35,0.35,0.35
0.35,0.3426,0.35,0.35
0.35,0.3352,0.35,0.35
0.35,0.35,0.35,0.35
0.35,0.35,0.35,0.35
0.35,0.35,0.35,0.35
0.35,0.35,0.35,0.3459
0.3426,0.35,0.35,0.2842
0.3352,0.35,0.35,0.269
0.35,0.35,0.35,0.2862
0.35,0.35,0.35,0.3344
0.35,0.35,0.35,0.3398
0.35,0.35,0.35,0.3492
0.35,0.35,0.35,0.35
0.35,0.35,0.35,0.35
0.35,0.35,0.35,0.35
0.35,0.35,0.35,0.35
0.35,0.35,0.35,0.35
0.35,0.35,0.3459,0.347
0.35,0.35,0.2842,0.3404
0.35,0.35,0.269,0.35
0.35,0.35,0.2862,0.35
0.35,0.35,0.3344,0.35
0.35,0.35,0.3398,0.35
0.35,0.3459,0.3492,0.35
0.35,0.2842,0.35,0.3437
0.35,0.269,0.35,0.3249
0.35,0.2862,0.35,0.35
0.35,0.3344,0.35,0.35
0.35,0.3398,0.35,0.35
0.3459,0.3492,0.347,0.35
0.2842,0.35,0.3404,0.3131
0.269,0.35,0.35,0.2858
0.2862,0.35,0.35,0.35
0.3344,0.35,0.35,0.35
0.3398,0.35,0.35,0.35
0.3492,0.347,0.35,0.35
0.35,0.3404,0.3437,0.35
0.35,0.35,0.3249,0.35
0.35,0.35,0.35,0.35
0.35,0.35,0.35,0.3415
0.35,0.35,0.35,0.3382
0.347,0.35,0.35,0.35
0.3404,0.3437,0.3131,0.35
0.35,0.3249,0.2858,0.35
0.35,0.35,0.35,0.35
0.35,0.35,0.35,0.35
0.35,0.35,0.35,0.35
0.35,0.35,0.35,0.35
0.3437,0.3131,0.35,0.35
0.3249,0.2858,0.35,0.2999
0.35,0.35,0.35,0.3439
0.35,0.35,0.3415,0.2997
0.35,0.35,0.3382,0.3127
0.35,0.35,0.35,0.3426
0.3131,0.35,0.35,0.3426
0.2858,0.35,0.35,0.3407
0.35,0.35,0.35,0.3443
0.35,0.3415,0.35,0.35
0.35,0.3382,0.35,0.35
0.35,0.35,0.35,0.35
0.35,0.35,0.35,0.35
0.35,0.35,0.2999,0.35
0.35,0.35,0.3439,0.35
0.3415,0.35,0.2997,0.35
0.3382,0.35,0.3127,0.3437
0.35,0.35,0.3426,0.331
0.35,0.35,0.3426,0.3227
0.35,0.2999,0.3407,0.35
0.35,0.3439,0.3443,0.35
0.35,0.2997,0.35,0.35
0.35,0.3127,0.35,0.35
0.35,0.3426,0.35,0.35
0.35,0.3426,0.35,0.35
0.2999,0.3407,0.35,0.3293
0.3439,0.3443,0.35,0.172
0.2997,0.35,0.35,0.0154
0.3127,0.35,0.3437,0.031
0.3426,0.35,0.331,0.0154
0.3426,0.35,0.3227,0.0331
0.3407,0.35,0.35,0.0452
0.3443,0.35,0.35,0.2725
0.35,0.35,0.35,0.35
0.35,0.3437,0.35,0.35
0.35,0.331,0.35,0.35
0.35,0.3227,0.35,0.35
0.35,0.35,0.3293,0.35
0.35,0.35,0.172,0.35
0.35,0.35,0.0154,0.347
0.3437,0.35,0.031,0.3308
0.331,0.35,0.0154,0.3131
0.3227,0.35,0.0331,0.3177
0.35,0.3293,0.0452,0.35
0.35,0.172,0.2725,0.35
0.35,0.0154,0.35,0.35
0.35,0.031,0.35,0.35
0.35,0.0154,0.35,0.3332
0.35,0.0331,0.35,0.35
0.3293,0.0452,0.35,0.3459
0.172,0.2725,0.35,0.35
0.0154,0.35,0.347,0.2293
0.031,0.35,0.3308,0.137
0.0154,0.35,0.3131,0.1322
0.0331,0.35,0.3177,0.0827
0.0452,0.35,0.35,0.1643
0.2725,0.35,0.35,0.1662
0.35,0.347,0.35,0.35
0.35,0.3308,0.35,0.35
0.35,0.3131,0.3332,0.35
0.35,0.3177,0.35,0.35
0.35,0.35,0.3459,0.35
0.35,0.35,0.35,0.35
0.347,0.35,0.2293,0.35
0.3308,0.35,0.137,0.3492
0.3131,0.3332,0.1322,0.3445
0.3177,0.35,0.0827,0.3393
0.35,0.3459,0.1643,0.35
0.35,0.35,0.1662,0.35
0.35,0.2293,0.35,0.35
0.35,0.137,0.35,0.35
0.3332,0.1322,0.35,0.35
0.35,0.0827,0.35,0.35
0.3459,0.1643,0.35,0.3238
0.35,0.1662,0.35,0.3421
0.2293,0.35,0.35,0.2505
0.137,0.35,0.3492,0.1798
0.1322,0.35,0.3445,0.1687
0.0827,0.35,0.3393,0.1848
0.1643,0.35,0.35,0.1819
0.1662,0.35,0.35,0.2986
0.35,0.35,0.35,0.35
0.35,0.3492,0.35,0.35
0.35,0.3445,0.35,0.35
0.35,0.3393,0.35,0.35
0.35,0.35,0.3238,0.35
0.35,0.35,0.3421,0.35
0.35,0.35,0.2505,0.35
0.3492,0.35,0.1798,0.35
0.3445,0.35,0.1687,0.3458
0.3393,0.35,0.1848,0.3293
0.35,0.3238,0.1819,0.35
0.35,0.3421,0.2986,0.35
0.35,0.2505,0.35,0.35
0.35,0.1798,0.35,0.35
0.35,0.1687,0.35,0.35
0.35,0.1848,0.35,0.3349
0.3238,0.1819,0.35,0.35
0.3421,0.2986,0.35,0.35
0.2505,0.35,0.35,0.35
0.1798,0.35,0.35,0.3484
0.1687,0.35,0.3458,0.3134
0.1848,0.35,0.3293,0.3072
0.1819,0.35,0.35,0.3239
0.2986,0.35,0.35,0.3285
0.35,0.35,0.35,0.35
0.35,0.35,0.35,0.35
0.35,0.3458,0.35,0.35
0.35,0.3293,0.3349,0.35
0.35,0.35,0.35,0.3419
0.35,0.35,0.35,0.35
0.35,0.35,0.35,0.3285
0.35,0.35,0.3484,0.3063
0.3458,0.35,0.3134,0.2674
0.3293,0.3349,0.3072,0.2941
0.35,0.35,0.3239,0.35
0.35,0.35,0.3285,0.35
0.35,0.35,0.35,0.35
0.35,0.3484,0.35,0.35
0.35,0.3134,0.35,0.3456
0.3349,0.3072,0.35,0.35
0.35,0.3239,0.3419,0.3029
0.35,0.3285,0.35,0.3021
0.35,0.35,0.3285,0.2506
0.3484,0.35,0.3063,0.1751
0.3134,0.35,0.2674,0.1741
0.3072,0.35,0.2941,0.1477
0.3239,0.3419,0.35,0.1431
0.3285,0.35,0.35,0.1434
0.35,0.3285,0.35,0.2263
0.35,0.3063,0.35,0.2884
0.35,0.2674,0.3456,0.3073
0.35,0.2941,0.35,0.3315
0.3419,0.35,0.3029,0.35
0.35,0.35,0.3021,0.35
0.3285,0.35,0.2506,0.35
0.3063,0.35,0.1751,0.35
0.2674,0.3456,0.1741,0.35
0.2941,0.35,0.1477,0.3224
0.35,0.3029,0.1431,0.35
0.35,0.3021,0.1434,0.35
0.35,0.2506,0.2263,0.35
0.35,0.1751,0.2884,0.35
0.3456,0.1741,0.3073,0.3448
0.35,0.1477,0.3315,0.3469
0.3029,0.1431,0.35,0.3312
0.3021,0.1434,0.35,0.31
0.2506,0.2263,0.35,0.2788
0.1751,0.2884,0.35,0.2757
0.1741,0.3073,0.35,0.2374
0.1477,0.3315,0.3224,0.2293
0.1431,0.35,0.35,0.284
0.1434,0.35,0.35,0.35
0.2263,0.35,0.35,0.35
0.2884,0.35,0.35,0.35
0.3073,0.35,0.3448,0.35
0.3315,0.3224,0.3469,0.35
0.35,0.35,0.3312,0.35
0.35,0.35,0.31,0.35
0.35,0.35,0.2788,0.35
0.35,0.35,0.2757,0.35
0.35,0.3448,0.2374,0.35
0.3224,0.3469,0.2293,0.35
0.35,0.3312,0.284,0.35
0.35,0.31,0.35,0.35
0.35,0.2788,0.35,0.35
0.35,0.2757,0.35,0.35
0.3448,0.2374,0.35,0.35
0.3469,0.2293,0.35,0.35
0.3312,0.284,0.35,0.3348
0.31,0.35,0.35,0.35
0.2788,0.35,0.35,0.35
0.2757,0.35,0.35,0.35
0.2374,0.35,0.35,0.35
0.2293,0.35,0.35,0.337
0.284,0.35,0.35,0.3472
0.35,0.35,0.35,0.35
0.35,0.35,0.35,0.35
0.35,0.35,0.35,0.35
0.35,0.35,0.35,0.35
0.35,0.35,0.35,0.35
0.35,0.35,0.3348,0.35
0.35,0.35,0.35,0.35
0.35,0.35,0.35,0.35
0.35,0.35,0.35,0.3404
0.35,0.35,0.35,0.3219
0.35,0.35,0.337,0.3421
0.35,0.3348,0.3472,0.35
0.35,0.35,0.35,0.35
0.35,0.35,0.35,0.35
0.35,0.35,0.35,0.35
0.35,0.35,0.35,0.35
0.35,0.337,0.35,0.35
0.3348,0.3472,0.35,0.3337
0.35,0.35,0.35,0.1959
0.35,0.35,0.35,0.1102
0.35,0.35,0.3404,0.1079
0.35,0.35,0.3219,0.1349
0.337,0.35,0.3421,0.1258
0.3472,0.35,0.35,0.1445
0.35,0.35,0.35,0.2189
0.35,0.35,0.35,0.3393
0.35,0.3404,0.35,0.35
0.35,0.3219,0.35,0.35
0.35,0.3421,0.35,0.35
0.35,0.35,0.3337,0.3404
0.35,0.35,0.1959,0.35
0.35,0.35,0.1102,0.35
0.3404,0.35,0.1079,0.3365
0.3219,0.35,0.1349,0.3417
0.3421,0.35,0.1258,0.339
0.35,0.3337,0.1445,0.35
0.35,0.1959,0.2189,0.35
0.35,0.1102,0.3393,0.35
0.35,0.1079,0.35,0.35
0.35,0.1349,0.35,0.3315
0.35,0.1258,0.35,0.35
0.3337,0.1445,0.3404,0.35
0.1959,0.2189,0.35,0.35
0.1102,0.3393,0.35,0.3142
0.1079,0.35,0.3365,0.3123
0.1349,0.35,0.3417,0.3157
0.1258,0.35,0.339,0.3098
0.1445,0.3404,0.35,0.332
0.2189,0.35,0.35,0.35
0.3393,0.35,0.35,0.35
0.35,0.3365,0.35,0.35
0.35,0.3417,0.3315,0.35
0.35,0.339,0.35,0.35
0.3404,0.35,0.35,0.35
0.35,0.35,0.35,0.35
0.35,0.35,0.3142,0.35
0.3365,0.35,0.3123,0.3404
0.3417,0.3315,0.3157,0.3386
0.339,0.35,0.3098,0.3404
0.35,0.35,0.332,0.35
0.35,0.35,0.35,0.35
0.35,0.3142,0.35,0.35
0.35,0.3123,0.35,0.35
0.3315,0.3157,0.35,0.35
0.35,0.3098,0.35,0.35
0.35,0.332,0.35,0.3455
0.35,0.35,0.35,0.3429
0.3142,0.35,0.35,0.3313
0.3123,0.35,0.3404,0.3383
0.3157,0.35,0.3386,0.3361
0.3098,0.35,0.3404,0.3165
0.332,0.35,0.35,0.3105
0.35,0.35,0.35,0.3199
0.35,0.35,0.35,0.3411
0.35,0.3404,0.35,0.3224
0.35,0.3386,0.35,0.35
0.35,0.3404,0.35,0.35
0.35,0.35,0.3455,0.35
0.35,0.35,0.3429,0.3464
0.35,0.35,0.3313,0.3066
0.3404,0.35,0.3383,0.2849
0.3386,0.35,0.3361,0.2646
0.3404,0.35,0.3165,0.269
0.35,0.3455,0.3105,0.35
0.35,0.3429,0.3199,0.35
0.35,0.3313,0.3411,0.35
0.35,0.3383,0.3224,0.35
0.35,0.3361,0.35,0.3348
0.35,0.3165,0.35,0.3392
0.3455,0.3105,0.35,0.3167
0.3429,0.3199,0.3464,0.3197
0.3313,0.3411,0.3066,0.2316
0.3383,0.3224,0.2849,0.2002
0.3361,0.35,0.2646,0.1349
0.3165,0.35,0.269,0.0276
0.3105,0.35,0.35,0.0022
0.3199,0.3464,0.35,0.0232
0.3411,0.3066,0.35,0.1654
0.3224,0.2849,0.35,0.1984
0.35,0.2646,0.3348,0.2977
0.35,0.269,0.3392,0.3238
0.35,0.35,0.3167,0.3466
0.3464,0.35,0.3197,0.3261
0.3066,0.35,0.2316,0.2756
0.2849,0.35,0.2002,0.2745
0.2646,0.3348,0.1349,0.2426
0.269,0.3392,0.0276,0.2525
0.35,0.3167,0.0022,0.35
0.35,0.3197,0.0232,0.35
0.35,0.2316,0.1654,0.35
0.35,0.2002,0.1984,0.347
0.3348,0.1349,0.2977,0.2868
0.3392,0.0276,0.3238,0.2922
0.3167,0.0022,0.3466,0.2278
0.3197,0.0232,0.3261,0.3097
0.2316,0.1654,0.2756,0.2584
0.2002,0.1984,0.2745,0.2905
0.1349,0.2977,0.2426,0.2253
0.0276,0.3238,0.2525,0.1191
0.0022,0.3466,0.35,0.0625
0.0232,0.3261,0.35,0.1011
0.1654,0.2756,0.35,0.0613
0.1984,0.2745,0.347,0.1213
0.2977,0.2426,0.2868,0.1228
0.3238,0.2525,0.2922,0.129
0.3466,0.35,0.2278,0.1418
0.3261,0.35,0.3097,0.1758
0.2756,0.35,0.2584,0.1973
0.2745,0.347,0.2905,0.1973
0.2426,0.2868,0.2253,0.1984
0.2525,0.2922,0.1191,0.1874
0.35,0.2278,0.0625,0.1731
0.35,0.3097,0.1011,0.35
0.35,0.2584,0.0613,0.35
0.347,0.2905,0.1213,0.35
0.2868,0.2253,0.1228,0.278
0.2922,0.1191,0.129,0.2257
0.2278,0.0625,0.1418,0.2065
0.3097,0.1011,0.1758,0.1837
0.2584,0.0613,0.1973,0.1091
0.2905,0.1213,0.1973,0.0712
0.2253,0.1228,0.1984,0.0194
0.1191,0.129,0.1874,0.011
0.0625,0.1418,0.1731,0.0068
0.1011,0.1758,0.35,0.0209
0.0613,0.1973,0.35,0.0551
0.1213,0.1973,0.35,0.183
0.1228,0.1984,0.278,0.2161
0.129,0.1874,0.2257,0.2942
0.1418,0.1731,0.2065,0.2507
0.1758,0.35,0.1837,0.2153
0.1973,0.35,0.1091,0.2481
0.1973,0.35,0.0712,0.2421
0.1984,0.278,0.0194,0.268
0.1874,0.2257,0.011,0.305
0.1731,0.2065,0.0068,0.267
0.35,0.1837,0.0209,0.35
0.35,0.1091,0.0551,0.35
0.35,0.0712,0.183,0.35
0.278,0.0194,0.2161,0.3205
0.2257,0.011,0.2942,0.3073
0.2065,0.0068,0.2507,0.247
0.1837,0.0209,0.2153,0.2119
0.1091,0.0551,0.2481,0.2619
