Outdoor Drybulb Temperature [C],Relative Humidity [%],Diffuse Solar Radiation [W/m2],Direct Solar Radiation [W/m2],6h Prediction Outdoor Drybulb Temperature [C],12h Prediction Outdoor Drybulb Temperature [C],24h Prediction Outdoor Drybulb Temperature [C],6h Prediction Relative Humidity [%],12h Prediction Relative Humidity [%],24h Prediction Relative Humidity [%],6h Prediction Diffuse Solar Radiation [W/m2],12h Prediction Diffuse Solar Radiation [W/m2],24h Prediction Diffuse Solar Radiation [W/m2],6h Prediction Direct Solar Radiation [W/m2],12h Prediction Direct Solar Radiation [W/m2],24h Prediction Direct Solar Radiation [W/m2]
1.6,86.7,0.0,0.0,1.8,4.8,2.7,88.6,77.4,83.8,0.0,96.0,0.0,0.0,316.0,0.0
1.8,86.9,0.0,0.0,1.8,5.3,2.4,86.9,79.3,85.4,0.0,83.0,0.0,0.0,284.0,0.0
1.3,94.3,0.0,0.0,1.6,4.4,2.4,86.7,81.7,85.4,11.0,51.0,0.0,12.0,119.0,0.0
1.5,90.5,0.0,0.0,2.1,4.2,2.4,85.2,83.3,85.4,52.0,13.0,0.0,83.0,40.0,0.0
1.2,92.3,0.0,0.0,2.2,3.8,2.2,87.2,86.4,87.2,84.0,0.0,0.0,215.0,0.0,0.0
1.4,90.4,0.0,0.0,4.1,3.6,2.0,78.3,88.0,85.0,96.0,0.0,0.0,304.0,0.0,0.0
1.8,88.6,0.0,0.0,4.8,3.7,1.8,77.4,88.1,84.9,96.0,0.0,0.0,316.0,0.0,0.0
1.8,86.9,0.0,0.0,5.3,3.1,1.8,79.3,87.7,86.9,83.0,0.0,0.0,284.0,0.0,0.0
1.6,86.7,11.0,12.0,4.4,3.0,2.1,81.7,87.6,83.3,51.0,0.0,9.0,119.0,0.0,7.0
2.1,85.2,52.0,83.0,4.2,2.5,2.0,83.3,87.4,85.0,13.0,0.0,41.0,40.0,0.0,23.0
2.2,87.2,84.0,215.0,3.8,2.7,2.9,86.4,87.5,87.5,0.0,0.0,71.0,0.0,0.0,43.0
4.1,78.3,96.0,304.0,3.6,2.8,3.8,88.0,83.9,89.8,0.0,0.0,88.0,0.0,0.0,54.0
4.8,77.4,96.0,316.0,3.7,2.7,4.8,88.1,83.8,91.9,0.0,0.0,86.0,0.0,0.0,52.0
5.3,79.3,83.0,284.0,3.1,2.4,4.5,87.7,85.4,96.7,0.0,0.0,71.0,0.0,0.0,46.0
4.4,81.7,51.0,119.0,3.0,2.4,4.7,87.6,85.4,95.1,0.0,0.0,35.0,0.0,0.0,18.0
4.2,83.3,13.0,40.0,2.5,2.4,5.0,87.4,85.4,93.4,0.0,0.0,6.0,0.0,0.0,5.0
3.8,86.4,0.0,0.0,2.7,2.2,5.1,87.5,87.2,95.0,0.0,0.0,0.0,0.0,0.0,0.0
3.6,88.0,0.0,0.0,2.8,2.0,5.1,83.9,85.0,95.0,0.0,0.0,0.0,0.0,0.0,0.0
3.7,88.1,0.0,0.0,2.7,1.8,5.1,83.8,84.9,98.4,0.0,0.0,0.0,0.0,0.0,0.0
3.1,87.7,0.0,0.0,2.4,1.8,5.1,85.4,86.9,98.4,0.0,0.0,0.0,0.0,0.0,0.0
3.0,87.6,0.0,0.0,2.4,2.1,5.2,85.4,83.3,98.4,0.0,9.0,0.0,0.0,7.0,0.0
2.5,87.4,0.0,0.0,2.4,2.0,5.7,85.4,85.0,100.0,0.0,41.0,0.0,0.0,23.0,0.0
2.7,87.5,0.0,0.0,2.2,2.9,6.2,87.2,87.5,98.5,0.0,71.0,0.0,0.0,43.0,0.0
2.8,83.9,0.0,0.0,2.0,3.8,6.0,85.0,89.8,98.5,0.0,88.0,0.0,0.0,54.0,0.0
2.7,83.8,0.0,0.0,1.8,4.8,6.4,84.9,91.9,96.9,0.0,86.0,0.0,0.0,52.0,0.0
2.4,85.4,0.0,0.0,1.8,4.5,6.5,86.9,96.7,97.0,0.0,71.0,0.0,0.0,46.0,0.0
2.4,85.4,0.0,0.0,2.1,4.7,6.5,83.3,95.1,98.6,9.0,35.0,0.0,7.0,18.0,0.0
2.4,85.4,0.0,0.0,2.0,5.0,6.4,85.0,93.4,98.4,41.0,6.0,0.0,23.0,5.0,0.0
2.2,87.2,0.0,0.0,2.9,5.1,6.4,87.5,95.0,98.4,71.0,0.0,0.0,43.0,0.0,0.0
2.0,85.0,0.0,0.0,3.8,5.1,6.4,89.8,95.0,98.4,88.0,0.0,0.0,54.0,0.0,0.0
1.8,84.9,0.0,0.0,4.8,5.1,7.1,91.9,98.4,97.0,86.0,0.0,0.0,52.0,0.0,0.0
1.8,86.9,0.0,0.0,4.5,5.1,7.4,96.7,98.4,95.5,71.0,0.0,0.0,46.0,0.0,0.0
2.1,83.3,9.0,7.0,4.7,5.2,7.4,95.1,98.4,95.5,35.0,0.0,5.0,18.0,0.0,2.0
2.0,85.0,41.0,23.0,5.0,5.7,7.8,93.4,100.0,95.6,6.0,0.0,24.0,5.0,0.0,6.0
2.9,87.5,71.0,43.0,5.1,6.2,8.5,95.0,98.5,94.3,0.0,0.0,54.0,0.0,0.0,17.0
3.8,89.8,88.0,54.0,5.1,6.0,9.0,95.0,98.5,91.8,0.0,0.0,75.0,0.0,0.0,31.0
4.8,91.9,86.0,52.0,5.1,6.4,9.2,98.4,96.9,93.1,0.0,0.0,91.0,0.0,0.0,80.0
4.5,96.7,71.0,46.0,5.1,6.5,9.4,98.4,97.0,87.8,0.0,0.0,86.0,0.0,0.0,194.0
4.7,95.1,35.0,18.0,5.2,6.5,9.2,98.4,98.6,89.1,0.0,0.0,54.0,0.0,0.0,148.0
5.0,93.4,6.0,5.0,5.7,6.4,9.2,100.0,98.4,87.7,0.0,0.0,13.0,0.0,0.0,47.0
5.1,95.0,0.0,0.0,6.2,6.4,8.4,98.5,98.4,90.1,0.0,0.0,0.0,0.0,0.0,0.0
5.1,95.0,0.0,0.0,6.0,6.4,7.8,98.5,98.4,92.7,0.0,0.0,0.0,0.0,0.0,0.0
5.1,98.4,0.0,0.0,6.4,7.1,8.0,96.9,97.0,92.8,0.0,0.0,0.0,0.0,0.0,0.0
5.1,98.4,0.0,0.0,6.5,7.4,7.5,97.0,95.5,95.6,0.0,0.0,0.0,0.0,0.0,0.0
5.2,98.4,0.0,0.0,6.5,7.4,7.0,98.6,95.5,92.5,0.0,5.0,0.0,0.0,2.0,0.0
5.7,100.0,0.0,0.0,6.4,7.8,6.1,98.4,95.6,93.7,0.0,24.0,0.0,0.0,6.0,0.0
6.2,98.5,0.0,0.0,6.4,8.5,5.8,98.4,94.3,89.0,0.0,54.0,0.0,0.0,17.0,0.0
6.0,98.5,0.0,0.0,6.4,9.0,5.1,98.4,91.8,88.6,0.0,75.0,0.0,0.0,31.0,0.0
6.4,96.9,0.0,0.0,7.1,9.2,4.6,97.0,93.1,91.7,0.0,91.0,0.0,0.0,80.0,0.0
6.5,97.0,0.0,0.0,7.4,9.4,4.3,95.5,87.8,93.3,0.0,86.0,0.0,0.0,194.0,0.0
6.5,98.6,0.0,0.0,7.4,9.2,3.1,95.5,89.1,94.6,5.0,54.0,0.0,2.0,148.0,0.0
6.4,98.4,0.0,0.0,7.8,9.2,3.0,95.6,87.7,96.4,24.0,13.0,0.0,6.0,47.0,0.0
6.4,98.4,0.0,0.0,8.5,8.4,2.5,94.3,90.1,96.4,54.0,0.0,0.0,17.0,0.0,0.0
6.4,98.4,0.0,0.0,9.0,7.8,2.7,91.8,92.7,96.4,75.0,0.0,0.0,31.0,0.0,0.0
7.1,97.0,0.0,0.0,9.2,8.0,2.3,93.1,92.8,96.4,91.0,0.0,0.0,80.0,0.0,0.0
7.4,95.5,0.0,0.0,9.4,7.5,2.4,87.8,95.6,98.2,86.0,0.0,0.0,194.0,0.0,0.0
7.4,95.5,5.0,2.0,9.2,7.0,2.8,89.1,92.5,98.3,54.0,0.0,3.0,148.0,0.0,1.0
7.8,95.6,24.0,6.0,9.2,6.1,4.0,87.7,93.7,100.0,13.0,0.0,21.0,47.0,0.0,4.0
8.5,94.3,54.0,17.0,8.4,5.8,6.4,90.1,89.0,98.4,0.0,0.0,53.0,0.0,0.0,16.0
9.0,91.8,75.0,31.0,7.8,5.1,7.9,92.7,88.6,92.8,0.0,0.0,76.0,0.0,0.0,32.0
9.2,93.1,91.0,80.0,8.0,4.6,9.1,92.8,91.7,87.7,0.0,0.0,84.0,0.0,0.0,51.0
9.4,87.8,86.0,194.0,7.5,4.3,9.1,95.6,93.3,84.9,0.0,0.0,72.0,0.0,0.0,57.0
9.2,89.1,54.0,148.0,7.0,3.1,8.7,92.5,94.6,80.6,0.0,0.0,47.0,0.0,0.0,61.0
9.2,87.7,13.0,47.0,6.1,3.0,7.8,93.7,96.4,82.7,0.0,0.0,11.0,0.0,0.0,27.0
8.4,90.1,0.0,0.0,5.8,2.5,8.0,89.0,96.4,81.5,0.0,0.0,0.0,0.0,0.0,0.0
7.8,92.7,0.0,0.0,5.1,2.7,8.2,88.6,96.4,77.5,0.0,0.0,0.0,0.0,0.0,0.0
8.0,92.8,0.0,0.0,4.6,2.3,7.6,91.7,96.4,84.0,0.0,0.0,0.0,0.0,0.0,0.0
7.5,95.6,0.0,0.0,4.3,2.4,7.3,93.3,98.2,86.8,0.0,0.0,0.0,0.0,0.0,0.0
7.0,92.5,0.0,0.0,3.1,2.8,7.6,94.6,98.3,81.2,0.0,3.0,0.0,0.0,1.0,0.0
6.1,93.7,0.0,0.0,3.0,4.0,7.2,96.4,100.0,88.2,0.0,21.0,0.0,0.0,4.0,0.0
5.8,89.0,0.0,0.0,2.5,6.4,7.1,96.4,98.4,89.6,0.0,53.0,0.0,0.0,16.0,0.0
5.1,88.6,0.0,0.0,2.7,7.9,7.3,96.4,92.8,88.2,0.0,76.0,0.0,0.0,32.0,0.0
4.6,91.7,0.0,0.0,2.3,9.1,7.1,96.4,87.7,89.6,0.0,84.0,0.0,0.0,51.0,0.0
4.3,93.3,0.0,0.0,2.4,9.1,6.8,98.2,84.9,90.9,0.0,72.0,0.0,0.0,57.0,0.0
3.1,94.6,0.0,0.0,2.8,8.7,6.6,98.3,80.6,92.4,3.0,47.0,0.0,1.0,61.0,0.0
3.0,96.4,0.0,0.0,4.0,7.8,6.7,100.0,82.7,90.8,21.0,11.0,0.0,4.0,27.0,0.0
2.5,96.4,0.0,0.0,6.4,8.0,6.9,98.4,81.5,83.5,53.0,0.0,0.0,16.0,0.0,0.0
2.7,96.4,0.0,0.0,7.9,8.2,6.9,92.8,77.5,85.0,76.0,0.0,0.0,32.0,0.0,0.0
2.3,96.4,0.0,0.0,9.1,7.6,6.6,87.7,84.0,87.8,84.0,0.0,0.0,51.0,0.0,0.0
2.4,98.2,0.0,0.0,9.1,7.3,6.4,84.9,86.8,89.2,72.0,0.0,0.0,57.0,0.0,0.0
2.8,98.3,3.0,1.0,8.7,7.6,6.5,80.6,81.2,86.4,47.0,0.0,6.0,61.0,0.0,4.0
4.0,100.0,21.0,4.0,7.8,7.2,6.7,82.7,88.2,84.8,11.0,0.0,34.0,27.0,0.0,16.0
6.4,98.4,53.0,16.0,8.0,7.1,7.1,81.5,89.6,82.3,0.0,0.0,68.0,0.0,0.0,44.0
7.9,92.8,76.0,32.0,8.2,7.3,7.0,77.5,88.2,77.7,0.0,0.0,87.0,0.0,0.0,67.0
9.1,87.7,84.0,51.0,7.6,7.1,7.1,84.0,89.6,77.9,0.0,0.0,91.0,0.0,0.0,92.0
9.1,84.9,72.0,57.0,7.3,6.8,7.3,86.8,90.9,78.0,0.0,0.0,76.0,0.0,0.0,92.0
8.7,80.6,47.0,61.0,7.6,6.6,7.6,81.2,92.4,75.6,0.0,0.0,44.0,0.0,0.0,54.0
7.8,82.7,11.0,27.0,7.2,6.7,7.6,88.2,90.8,78.4,0.0,0.0,10.0,0.0,0.0,23.0
8.0,81.5,0.0,0.0,7.1,6.9,7.7,89.6,83.5,77.1,0.0,0.0,0.0,0.0,0.0,0.0
8.2,77.5,0.0,0.0,7.3,6.9,7.8,88.2,85.0,77.1,0.0,0.0,0.0,0.0,0.0,0.0
7.6,84.0,0.0,0.0,7.1,6.6,7.3,89.6,87.8,85.2,0.0,0.0,0.0,0.0,0.0,0.0
7.3,86.8,0.0,0.0,6.8,6.4,7.4,90.9,89.2,88.3,0.0,0.0,0.0,0.0,0.0,0.0
7.6,81.2,0.0,0.0,6.6,6.5,7.5,92.4,86.4,88.3,0.0,6.0,0.0,0.0,4.0,0.0
7.2,88.2,0.0,0.0,6.7,6.7,7.4,90.8,84.8,89.7,0.0,34.0,0.0,0.0,16.0,0.0
7.1,89.6,0.0,0.0,6.9,7.1,7.5,83.5,82.3,88.3,0.0,68.0,0.0,0.0,44.0,0.0
7.3,88.2,0.0,0.0,6.9,7.0,7.5,85.0,77.7,85.4,0.0,87.0,0.0,0.0,67.0,0.0
7.1,89.6,0.0,0.0,6.6,7.1,7.5,87.8,77.9,78.2,0.0,91.0,0.0,0.0,92.0,0.0
6.8,90.9,0.0,0.0,6.4,7.3,7.4,89.2,78.0,85.4,0.0,76.0,0.0,0.0,92.0,0.0
6.6,92.4,0.0,0.0,6.5,7.6,7.3,86.4,75.6,83.8,6.0,44.0,0.0,4.0,54.0,0.0
6.7,90.8,0.0,0.0,6.7,7.6,7.1,84.8,78.4,85.2,34.0,10.0,0.0,16.0,23.0,0.0
6.9,83.5,0.0,0.0,7.1,7.7,7.3,82.3,77.1,82.4,68.0,0.0,0.0,44.0,0.0,0.0
6.9,85.0,0.0,0.0,7.0,7.8,7.8,77.7,77.1,78.6,87.0,0.0,0.0,67.0,0.0,0.0
6.6,87.8,0.0,0.0,7.1,7.3,7.7,77.9,85.2,79.9,91.0,0.0,0.0,92.0,0.0,0.0
6.4,89.2,0.0,0.0,7.3,7.4,7.8,78.0,88.3,80.0,76.0,0.0,0.0,92.0,0.0,0.0
6.5,86.4,6.0,4.0,7.6,7.5,8.0,75.6,88.3,78.8,44.0,0.0,12.0,54.0,0.0,41.0
6.7,84.8,34.0,16.0,7.6,7.4,8.2,78.4,89.7,77.6,10.0,0.0,50.0,23.0,0.0,174.0
7.1,82.3,68.0,44.0,7.7,7.5,8.9,77.1,88.3,72.8,0.0,0.0,76.0,0.0,0.0,241.0
7.0,77.7,87.0,67.0,7.8,7.5,9.2,77.1,85.4,78.4,0.0,0.0,89.0,0.0,0.0,286.0
7.1,77.9,91.0,92.0,7.3,7.5,10.1,85.2,78.2,74.1,0.0,0.0,87.0,0.0,0.0,364.0
7.3,78.0,76.0,92.0,7.4,7.4,9.9,88.3,85.4,77.8,0.0,0.0,74.0,0.0,0.0,358.0
7.6,75.6,44.0,54.0,7.5,7.3,9.6,88.3,83.8,78.8,0.0,0.0,49.0,0.0,0.0,237.0
7.6,78.4,10.0,23.0,7.4,7.1,9.5,89.7,85.2,76.1,0.0,0.0,12.0,0.0,0.0,65.0
7.7,77.1,0.0,0.0,7.5,7.3,9.1,88.3,82.4,77.1,0.0,0.0,0.0,0.0,0.0,0.0
7.8,77.1,0.0,0.0,7.5,7.8,9.2,85.4,78.6,78.4,0.0,0.0,0.0,0.0,0.0,0.0
7.3,85.2,0.0,0.0,7.5,7.7,8.7,78.2,79.9,86.1,0.0,0.0,0.0,0.0,0.0,0.0
7.4,88.3,0.0,0.0,7.4,7.8,9.1,85.4,80.0,82.4,0.0,0.0,0.0,0.0,0.0,0.0
7.5,88.3,0.0,0.0,7.3,8.0,9.3,83.8,78.8,78.6,0.0,12.0,0.0,0.0,41.0,0.0
7.4,89.7,0.0,0.0,7.1,8.2,9.4,85.2,77.6,77.4,0.0,50.0,0.0,0.0,174.0,0.0
7.5,88.3,0.0,0.0,7.3,8.9,9.2,82.4,72.8,81.2,0.0,76.0,0.0,0.0,241.0,0.0
7.5,85.4,0.0,0.0,7.8,9.2,9.2,78.6,78.4,83.8,0.0,89.0,0.0,0.0,286.0,0.0
7.5,78.2,0.0,0.0,7.7,10.1,9.4,79.9,74.1,85.3,0.0,87.0,0.0,0.0,364.0,0.0
7.4,85.4,0.0,0.0,7.8,9.9,9.3,80.0,77.8,90.5,0.0,74.0,0.0,0.0,358.0,0.0
7.3,83.8,0.0,0.0,8.0,9.6,9.9,78.8,78.8,86.9,12.0,49.0,0.0,41.0,237.0,0.0
7.1,85.2,0.0,0.0,8.2,9.5,10.4,77.6,76.1,84.5,50.0,12.0,0.0,174.0,65.0,0.0
7.3,82.4,0.0,0.0,8.9,9.1,10.4,72.8,77.1,87.1,76.0,0.0,0.0,241.0,0.0,0.0
7.8,78.6,0.0,0.0,9.2,9.2,10.8,78.4,78.4,87.3,89.0,0.0,0.0,286.0,0.0,0.0
7.7,79.9,0.0,0.0,10.1,8.7,10.7,74.1,86.1,89.8,87.0,0.0,0.0,364.0,0.0,0.0
7.8,80.0,0.0,0.0,9.9,9.1,11.3,77.8,82.4,88.9,74.0,0.0,0.0,358.0,0.0,0.0
8.0,78.8,12.0,41.0,9.6,9.3,11.4,78.8,78.6,91.3,49.0,0.0,5.0,237.0,0.0,2.0
8.2,77.6,50.0,174.0,9.5,9.4,11.3,76.1,77.4,95.0,12.0,0.0,16.0,65.0,0.0,3.0
8.9,72.8,76.0,241.0,9.1,9.2,11.9,77.1,81.2,95.1,0.0,0.0,20.0,0.0,0.0,2.0
9.2,78.4,89.0,286.0,9.2,9.2,8.7,78.4,83.8,91.7,0.0,0.0,31.0,0.0,0.0,3.0
10.1,74.1,87.0,364.0,8.7,9.4,8.6,86.1,85.3,76.7,0.0,0.0,71.0,0.0,0.0,28.0
9.9,77.8,74.0,358.0,9.1,9.3,8.4,82.4,90.5,69.9,0.0,0.0,85.0,0.0,0.0,231.0
9.6,78.8,49.0,237.0,9.3,9.9,8.5,78.6,86.9,66.1,0.0,0.0,52.0,0.0,0.0,135.0
9.5,76.1,12.0,65.0,9.4,10.4,7.6,77.4,84.5,69.0,0.0,0.0,9.0,0.0,0.0,19.0
9.1,77.1,0.0,0.0,9.2,10.4,6.9,81.2,87.1,66.6,0.0,0.0,0.0,0.0,0.0,0.0
9.2,78.4,0.0,0.0,9.2,10.8,6.0,83.8,87.3,69.7,0.0,0.0,0.0,0.0,0.0,0.0
8.7,86.1,0.0,0.0,9.4,10.7,5.0,85.3,89.8,77.7,0.0,0.0,0.0,0.0,0.0,0.0
9.1,82.4,0.0,0.0,9.3,11.3,5.6,90.5,88.9,73.7,0.0,0.0,0.0,0.0,0.0,0.0
9.3,78.6,0.0,0.0,9.9,11.4,5.4,86.9,91.3,73.5,0.0,5.0,0.0,0.0,2.0,0.0
9.4,77.4,0.0,0.0,10.4,11.3,4.0,84.5,95.0,78.4,0.0,16.0,0.0,0.0,3.0,0.0
9.2,81.2,0.0,0.0,10.4,11.9,3.3,87.1,95.1,81.0,0.0,20.0,0.0,0.0,2.0,0.0
9.2,83.8,0.0,0.0,10.8,8.7,2.3,87.3,91.7,80.0,0.0,31.0,0.0,0.0,3.0,0.0
9.4,85.3,0.0,0.0,10.7,8.6,2.0,89.8,76.7,81.6,0.0,71.0,0.0,0.0,28.0,0.0
9.3,90.5,0.0,0.0,11.3,8.4,2.4,88.9,69.9,80.2,0.0,85.0,0.0,0.0,231.0,0.0
9.9,86.9,0.0,0.0,11.4,8.5,2.2,91.3,66.1,80.0,5.0,52.0,0.0,2.0,135.0,0.0
10.4,84.5,0.0,0.0,11.3,7.6,2.1,95.0,69.0,78.1,16.0,9.0,0.0,3.0,19.0,0.0
10.4,87.1,0.0,0.0,11.9,6.9,2.2,95.1,66.6,81.7,20.0,0.0,0.0,2.0,0.0,0.0
10.8,87.3,0.0,0.0,8.7,6.0,2.1,91.7,69.7,87.1,31.0,0.0,0.0,3.0,0.0,0.0
10.7,89.8,0.0,0.0,8.6,5.0,1.3,76.7,77.7,88.7,71.0,0.0,0.0,28.0,0.0,0.0
11.3,88.9,0.0,0.0,8.4,5.6,1.6,69.9,73.7,86.7,85.0,0.0,0.0,231.0,0.0,0.0
11.4,91.3,5.0,2.0,8.5,5.4,1.9,66.1,73.5,77.9,52.0,0.0,10.0,135.0,0.0,23.0
11.3,95.0,16.0,3.0,7.6,4.0,1.6,69.0,78.4,79.4,9.0,0.0,43.0,19.0,0.0,58.0
11.9,95.1,20.0,2.0,6.9,3.3,1.9,66.6,81.0,81.5,0.0,0.0,73.0,0.0,0.0,105.0
8.7,91.7,31.0,3.0,6.0,2.3,2.7,69.7,80.0,71.7,0.0,0.0,92.0,0.0,0.0,188.0
8.6,76.7,71.0,28.0,5.0,2.0,3.0,77.7,81.6,72.0,0.0,0.0,91.0,0.0,0.0,212.0
8.4,69.9,85.0,231.0,5.6,2.4,3.5,73.7,80.2,71.1,0.0,0.0,77.0,0.0,0.0,209.0
8.5,66.1,52.0,135.0,5.4,2.2,3.0,73.5,80.0,67.0,0.0,0.0,48.0,0.0,0.0,144.0
7.6,69.0,9.0,19.0,4.0,2.1,2.1,78.4,78.1,74.4,0.0,0.0,10.0,0.0,0.0,44.0
6.9,66.6,0.0,0.0,3.3,2.2,1.4,81.0,81.7,77.4,0.0,0.0,0.0,0.0,0.0,0.0
6.0,69.7,0.0,0.0,2.3,2.1,0.7,80.0,87.1,77.4,0.0,0.0,0.0,0.0,0.0,0.0
5.0,77.7,0.0,0.0,2.0,1.3,0.4,81.6,88.7,78.9,0.0,0.0,0.0,0.0,0.0,0.0
5.6,73.7,0.0,0.0,2.4,1.6,0.1,80.2,86.7,84.2,0.0,0.0,0.0,0.0,0.0,0.0
5.4,73.5,0.0,0.0,2.2,1.9,-0.2,80.0,77.9,89.7,0.0,10.0,0.0,0.0,23.0,0.0
4.0,78.4,0.0,0.0,2.1,1.6,-0.4,78.1,79.4,89.4,0.0,43.0,0.0,0.0,58.0,0.0
3.3,81.0,0.0,0.0,2.2,1.9,-0.4,81.7,81.5,89.4,0.0,73.0,0.0,0.0,105.0,0.0
2.3,80.0,0.0,0.0,2.1,2.7,-0.6,87.1,71.7,87.0,0.0,92.0,0.0,0.0,188.0,0.0
2.0,81.6,0.0,0.0,1.3,3.0,-0.6,88.7,72.0,89.1,0.0,91.0,0.0,0.0,212.0,0.0
2.4,80.2,0.0,0.0,1.6,3.5,-0.6,86.7,71.1,87.0,0.0,77.0,0.0,0.0,209.0,0.0
2.2,80.0,0.0,0.0,1.9,3.0,-0.7,77.9,67.0,86.9,10.0,48.0,0.0,23.0,144.0,0.0
2.1,78.1,0.0,0.0,1.6,2.1,-0.7,79.4,74.4,86.9,43.0,10.0,0.0,58.0,44.0,0.0
2.2,81.7,0.0,0.0,1.9,1.4,-0.8,81.5,77.4,88.9,73.0,0.0,0.0,105.0,0.0,0.0
2.1,87.1,0.0,0.0,2.7,0.7,-1.4,71.7,77.4,90.2,92.0,0.0,0.0,188.0,0.0,0.0
1.3,88.7,0.0,0.0,3.0,0.4,-1.7,72.0,78.9,89.8,91.0,0.0,0.0,212.0,0.0,0.0
1.6,86.7,0.0,0.0,3.5,0.1,-1.8,71.1,84.2,89.7,77.0,0.0,0.0,209.0,0.0,0.0
1.9,77.9,10.0,23.0,3.0,-0.2,-1.7,67.0,89.7,89.8,48.0,0.0,9.0,144.0,0.0,20.0
1.6,79.4,43.0,58.0,2.1,-0.4,-1.3,74.4,89.4,86.0,10.0,0.0,47.0,44.0,0.0,81.0
1.9,81.5,73.0,105.0,1.4,-0.4,-0.1,77.4,89.4,83.7,0.0,0.0,71.0,0.0,0.0,74.0
2.7,71.7,92.0,188.0,0.7,-0.6,0.6,77.4,87.0,81.2,0.0,0.0,82.0,0.0,0.0,61.0
3.0,72.0,91.0,212.0,0.4,-0.6,1.9,78.9,89.1,79.6,0.0,0.0,75.0,0.0,0.0,43.0
3.5,71.1,77.0,209.0,0.1,-0.6,2.4,84.2,87.0,74.9,0.0,0.0,61.0,0.0,0.0,40.0
3.0,67.0,48.0,144.0,-0.2,-0.7,2.4,89.7,86.9,76.7,0.0,0.0,39.0,0.0,0.0,44.0
2.1,74.4,10.0,44.0,-0.4,-0.7,1.1,89.4,86.9,82.6,0.0,0.0,10.0,0.0,0.0,29.0
1.4,77.4,0.0,0.0,-0.4,-0.8,0.4,89.4,88.9,84.7,0.0,0.0,0.0,0.0,0.0,0.0
0.7,77.4,0.0,0.0,-0.6,-1.4,-0.3,87.0,90.2,89.6,0.0,0.0,0.0,0.0,0.0,0.0
0.4,78.9,0.0,0.0,-0.6,-1.7,-0.8,89.1,89.8,93.1,0.0,0.0,0.0,0.0,0.0,0.0
0.1,84.2,0.0,0.0,-0.6,-1.8,-0.8,87.0,89.7,91.0,0.0,0.0,0.0,0.0,0.0,0.0
-0.2,89.7,0.0,0.0,-0.7,-1.7,-0.8,86.9,89.8,91.0,0.0,9.0,0.0,0.0,20.0,0.0
-0.4,89.4,0.0,0.0,-0.7,-1.3,-0.9,86.9,86.0,90.9,0.0,47.0,0.0,0.0,81.0,0.0
-0.4,89.4,0.0,0.0,-0.8,-0.1,-0.3,88.9,83.7,89.6,0.0,71.0,0.0,0.0,74.0,0.0
-0.6,87.0,0.0,0.0,-1.4,0.6,0.4,90.2,81.2,86.6,0.0,82.0,0.0,0.0,61.0,0.0
-0.6,89.1,0.0,0.0,-1.7,1.9,-0.5,89.8,79.6,83.4,0.0,75.0,0.0,0.0,43.0,0.0
-0.6,87.0,0.0,0.0,-1.8,2.4,-1.8,89.7,74.9,87.7,0.0,61.0,0.0,0.0,40.0,0.0
-0.7,86.9,0.0,0.0,-1.7,2.4,-2.0,89.8,76.7,91.5,9.0,39.0,0.0,20.0,44.0,0.0
-0.7,86.9,0.0,0.0,-1.3,1.1,-1.4,86.0,82.6,90.2,47.0,10.0,0.0,81.0,29.0,0.0
-0.8,88.9,0.0,0.0,-0.1,0.4,-0.8,83.7,84.7,91.0,71.0,0.0,0.0,74.0,0.0,0.0
-1.4,90.2,0.0,0.0,0.6,-0.3,-0.3,81.2,89.6,85.6,82.0,0.0,0.0,61.0,0.0,0.0
-1.7,89.8,0.0,0.0,1.9,-0.8,-0.6,79.6,93.1,97.4,75.0,0.0,0.0,43.0,0.0,0.0
-1.8,89.7,0.0,0.0,2.4,-0.8,0.0,74.9,91.0,97.9,61.0,0.0,0.0,40.0,0.0,0.0
-1.7,89.8,9.0,20.0,2.4,-0.8,0.1,76.7,91.0,98.0,39.0,0.0,2.0,44.0,0.0,0.0
-1.3,86.0,47.0,81.0,1.1,-0.9,0.1,82.6,90.9,100.0,10.0,0.0,9.0,29.0,0.0,1.0
-0.1,83.7,71.0,74.0,0.4,-0.3,0.1,84.7,89.6,100.0,0.0,0.0,17.0,0.0,0.0,1.0
0.6,81.2,82.0,61.0,-0.3,0.4,0.1,89.6,86.6,100.0,0.0,0.0,24.0,0.0,0.0,1.0
1.9,79.6,75.0,43.0,-0.8,-0.5,0.1,93.1,83.4,100.0,0.0,0.0,26.0,0.0,0.0,2.0
2.4,74.9,61.0,40.0,-0.8,-1.8,0.2,91.0,87.7,100.0,0.0,0.0,24.0,0.0,0.0,2.0
2.4,76.7,39.0,44.0,-0.8,-2.0,0.5,91.0,91.5,100.0,0.0,0.0,14.0,0.0,0.0,2.0
1.1,82.6,10.0,29.0,-0.9,-1.4,0.4,90.9,90.2,100.0,0.0,0.0,3.0,0.0,0.0,1.0
0.4,84.7,0.0,0.0,-0.3,-0.8,0.5,89.6,91.0,100.0,0.0,0.0,0.0,0.0,0.0,0.0
-0.3,89.6,0.0,0.0,0.4,-0.3,0.5,86.6,85.6,97.9,0.0,0.0,0.0,0.0,0.0,0.0
-0.8,93.1,0.0,0.0,-0.5,-0.6,0.5,83.4,97.4,97.9,0.0,0.0,0.0,0.0,0.0,0.0
-0.8,91.0,0.0,0.0,-1.8,0.0,0.5,87.7,97.9,97.9,0.0,0.0,0.0,0.0,0.0,0.0
-0.8,91.0,0.0,0.0,-2.0,0.1,0.6,91.5,98.0,98.1,0.0,2.0,0.0,0.0,0.0,0.0
-0.9,90.9,0.0,0.0,-1.4,0.1,0.7,90.2,100.0,96.1,0.0,9.0,0.0,0.0,1.0,0.0
-0.3,89.6,0.0,0.0,-0.8,0.1,0.6,91.0,100.0,98.1,0.0,17.0,0.0,0.0,1.0,0.0
0.4,86.6,0.0,0.0,-0.3,0.1,0.5,85.6,100.0,97.9,0.0,24.0,0.0,0.0,1.0,0.0
-0.5,83.4,0.0,0.0,-0.6,0.1,0.5,97.4,100.0,100.0,0.0,26.0,0.0,0.0,2.0,0.0
-1.8,87.7,0.0,0.0,0.0,0.2,0.6,97.9,100.0,100.0,0.0,24.0,0.0,0.0,2.0,0.0
-2.0,91.5,0.0,0.0,0.1,0.5,0.6,98.0,100.0,100.0,2.0,14.0,0.0,0.0,2.0,0.0
-1.4,90.2,0.0,0.0,0.1,0.4,0.6,100.0,100.0,100.0,9.0,3.0,0.0,1.0,1.0,0.0
-0.8,91.0,0.0,0.0,0.1,0.5,0.7,100.0,100.0,100.0,17.0,0.0,0.0,1.0,0.0,0.0
-0.3,85.6,0.0,0.0,0.1,0.5,1.0,100.0,97.9,100.0,24.0,0.0,0.0,1.0,0.0,0.0
-0.6,97.4,0.0,0.0,0.1,0.5,1.1,100.0,97.9,98.0,26.0,0.0,0.0,2.0,0.0,0.0
0.0,97.9,0.0,0.0,0.2,0.5,1.6,100.0,97.9,92.6,24.0,0.0,0.0,2.0,0.0,0.0
0.1,98.0,2.0,0.0,0.5,0.6,0.9,100.0,98.1,96.2,14.0,0.0,4.0,2.0,0.0,2.0
0.1,100.0,9.0,1.0,0.4,0.7,1.5,100.0,96.1,94.3,3.0,0.0,20.0,1.0,0.0,4.0
0.1,100.0,17.0,1.0,0.5,0.6,1.6,100.0,98.1,88.9,0.0,0.0,33.0,0.0,0.0,4.0
0.1,100.0,24.0,1.0,0.5,0.5,1.8,97.9,97.9,85.3,0.0,0.0,37.0,0.0,0.0,4.0
0.1,100.0,26.0,2.0,0.5,0.5,1.9,97.9,100.0,85.4,0.0,0.0,33.0,0.0,0.0,3.0
0.2,100.0,24.0,2.0,0.5,0.6,1.9,97.9,100.0,83.6,0.0,0.0,25.0,0.0,0.0,2.0
0.5,100.0,14.0,2.0,0.6,0.6,1.9,98.1,100.0,81.7,0.0,0.0,15.0,0.0,0.0,2.0
0.4,100.0,3.0,1.0,0.7,0.6,1.2,96.1,100.0,85.0,0.0,0.0,3.0,0.0,0.0,1.0
0.5,100.0,0.0,0.0,0.6,0.7,1.1,98.1,100.0,84.7,0.0,0.0,0.0,0.0,0.0,0.0
0.5,97.9,0.0,0.0,0.5,1.0,0.9,97.9,100.0,82.8,0.0,0.0,0.0,0.0,0.0,0.0
0.5,97.9,0.0,0.0,0.5,1.1,0.6,100.0,98.0,74.0,0.0,0.0,0.0,0.0,0.0,0.0
0.5,97.9,0.0,0.0,0.6,1.6,-0.3,100.0,92.6,73.9,0.0,0.0,0.0,0.0,0.0,0.0
0.6,98.1,0.0,0.0,0.6,0.9,-1.1,100.0,96.2,76.2,0.0,4.0,0.0,0.0,2.0,0.0
0.7,96.1,0.0,0.0,0.6,1.5,-1.3,100.0,94.3,77.9,0.0,20.0,0.0,0.0,4.0,0.0
0.6,98.1,0.0,0.0,0.7,1.6,-1.9,100.0,88.9,81.2,0.0,33.0,0.0,0.0,4.0,0.0
0.5,97.9,0.0,0.0,1.0,1.8,-2.3,100.0,85.3,82.6,0.0,37.0,0.0,0.0,4.0,0.0
0.5,100.0,0.0,0.0,1.1,1.9,-2.4,98.0,85.4,82.4,0.0,33.0,0.0,0.0,3.0,0.0
0.6,100.0,0.0,0.0,1.6,1.9,-2.7,92.6,83.6,86.2,0.0,25.0,0.0,0.0,2.0,0.0
0.6,100.0,0.0,0.0,0.9,1.9,-2.7,96.2,81.7,86.2,4.0,15.0,0.0,2.0,2.0,0.0
0.6,100.0,0.0,0.0,1.5,1.2,-3.3,94.3,85.0,87.7,20.0,3.0,0.0,4.0,1.0,0.0
0.7,100.0,0.0,0.0,1.6,1.1,-3.3,88.9,84.7,87.7,33.0,0.0,0.0,4.0,0.0,0.0
1.0,100.0,0.0,0.0,1.8,0.9,-3.1,85.3,82.8,87.9,37.0,0.0,0.0,4.0,0.0,0.0
1.1,98.0,0.0,0.0,1.9,0.6,-3.6,85.4,74.0,89.5,33.0,0.0,0.0,3.0,0.0,0.0
1.6,92.6,0.0,0.0,1.9,-0.3,-4.3,83.6,73.9,88.5,25.0,0.0,0.0,2.0,0.0,0.0
0.9,96.2,4.0,2.0,1.9,-1.1,-4.1,81.7,76.2,91.1,15.0,0.0,8.0,2.0,0.0,21.0
1.5,94.3,20.0,4.0,1.2,-1.3,-3.5,85.0,77.9,91.9,3.0,0.0,43.0,1.0,0.0,83.0
1.6,88.9,33.0,4.0,1.1,-1.9,-3.0,84.7,81.2,88.0,0.0,0.0,72.0,0.0,0.0,217.0
1.8,85.3,37.0,4.0,0.9,-2.3,-1.5,82.8,82.6,85.7,0.0,0.0,76.0,0.0,0.0,535.0
1.9,85.4,33.0,3.0,0.6,-2.4,-0.7,74.0,82.4,84.9,0.0,0.0,75.0,0.0,0.0,544.0
1.9,83.6,25.0,2.0,-0.3,-2.7,1.0,73.9,86.2,82.5,0.0,0.0,71.0,0.0,0.0,327.0
1.9,81.7,15.0,2.0,-1.1,-2.7,0.9,76.2,86.2,84.5,0.0,0.0,43.0,0.0,0.0,119.0
1.2,85.0,3.0,1.0,-1.3,-3.3,0.3,77.9,87.7,84.6,0.0,0.0,8.0,0.0,0.0,30.0
1.1,84.7,0.0,0.0,-1.9,-3.3,-0.1,81.2,87.7,85.8,0.0,0.0,0.0,0.0,0.0,0.0
0.9,82.8,0.0,0.0,-2.3,-3.1,0.6,82.6,87.9,84.2,0.0,0.0,0.0,0.0,0.0,0.0
0.6,74.0,0.0,0.0,-2.4,-3.6,0.4,82.4,89.5,87.9,0.0,0.0,0.0,0.0,0.0,0.0
-0.3,73.9,0.0,0.0,-2.7,-4.3,0.9,86.2,88.5,88.3,0.0,0.0,0.0,0.0,0.0,0.0
-1.1,76.2,0.0,0.0,-2.7,-4.1,1.5,86.2,91.1,90.6,0.0,8.0,0.0,0.0,21.0,0.0
-1.3,77.9,0.0,0.0,-3.3,-3.5,1.9,87.7,91.9,90.7,0.0,43.0,0.0,0.0,83.0,0.0
-1.9,81.2,0.0,0.0,-3.3,-3.0,2.4,87.7,88.0,91.0,0.0,72.0,0.0,0.0,217.0,0.0
-2.3,82.6,0.0,0.0,-3.1,-1.5,2.7,87.9,85.7,94.6,0.0,76.0,0.0,0.0,535.0,0.0
-2.4,82.4,0.0,0.0,-3.6,-0.7,2.8,89.5,84.9,98.3,0.0,75.0,0.0,0.0,544.0,0.0
-2.7,86.2,0.0,0.0,-4.3,1.0,3.7,88.5,82.5,100.0,0.0,71.0,0.0,0.0,327.0,0.0
-2.7,86.2,0.0,0.0,-4.1,0.9,4.1,91.1,84.5,96.7,8.0,43.0,0.0,21.0,119.0,0.0
-3.3,87.7,0.0,0.0,-3.5,0.3,4.4,91.9,84.6,98.3,43.0,8.0,0.0,83.0,30.0,0.0
-3.3,87.7,0.0,0.0,-3.0,-0.1,4.3,88.0,85.8,100.0,72.0,0.0,0.0,217.0,0.0,0.0
-3.1,87.9,0.0,0.0,-1.5,0.6,3.4,85.7,84.2,98.2,76.0,0.0,0.0,535.0,0.0,0.0
-3.6,89.5,0.0,0.0,-0.7,0.4,2.8,84.9,87.9,100.0,75.0,0.0,0.0,544.0,0.0,0.0
-4.3,88.5,0.0,0.0,1.0,0.9,3.3,82.5,88.3,96.5,71.0,0.0,0.0,327.0,0.0,0.0
-4.1,91.1,8.0,21.0,0.9,1.5,3.4,84.5,90.6,94.7,43.0,0.0,2.0,119.0,0.0,1.0
-3.5,91.9,43.0,83.0,0.3,1.9,3.3,84.6,90.7,94.8,8.0,0.0,13.0,30.0,0.0,2.0
-3.0,88.0,72.0,217.0,-0.1,2.4,3.5,85.8,91.0,96.6,0.0,0.0,31.0,0.0,0.0,4.0
-1.5,85.7,76.0,535.0,0.6,2.7,4.3,84.2,94.6,96.6,0.0,0.0,48.0,0.0,0.0,7.0
-0.7,84.9,75.0,544.0,0.4,2.8,5.0,87.9,98.3,95.1,0.0,0.0,49.0,0.0,0.0,8.0
1.0,82.5,71.0,327.0,0.9,3.7,6.1,88.3,100.0,93.8,0.0,0.0,44.0,0.0,0.0,10.0
0.9,84.5,43.0,119.0,1.5,4.1,6.6,90.6,96.7,92.5,0.0,0.0,24.0,0.0,0.0,7.0
0.3,84.6,8.0,30.0,1.9,4.4,6.7,90.7,98.3,94.0,0.0,0.0,3.0,0.0,0.0,2.0
-0.1,85.8,0.0,0.0,2.4,4.3,4.9,91.0,100.0,85.7,0.0,0.0,0.0,0.0,0.0,0.0
0.6,84.2,0.0,0.0,2.7,3.4,3.8,94.6,98.2,86.7,0.0,0.0,0.0,0.0,0.0,0.0
0.4,87.9,0.0,0.0,2.8,2.8,3.4,98.3,100.0,81.3,0.0,0.0,0.0,0.0,0.0,0.0
0.9,88.3,0.0,0.0,3.7,3.3,2.5,100.0,96.5,87.7,0.0,0.0,0.0,0.0,0.0,0.0
1.5,90.6,0.0,0.0,4.1,3.4,3.2,96.7,94.7,82.8,0.0,2.0,0.0,0.0,1.0,0.0
1.9,90.7,0.0,0.0,4.4,3.3,3.1,98.3,94.8,87.9,0.0,13.0,0.0,0.0,2.0,0.0
2.4,91.0,0.0,0.0,4.3,3.5,3.1,100.0,96.6,91.5,0.0,31.0,0.0,0.0,4.0,0.0
2.7,94.6,0.0,0.0,3.4,4.3,2.1,98.2,96.6,92.7,0.0,48.0,0.0,0.0,7.0,0.0
2.8,98.3,0.0,0.0,2.8,5.0,2.7,100.0,95.1,84.2,0.0,49.0,0.0,0.0,8.0,0.0
3.7,100.0,0.0,0.0,3.3,6.1,2.4,96.5,93.8,82.2,0.0,44.0,0.0,0.0,10.0,0.0
4.1,96.7,0.0,0.0,3.4,6.6,2.9,94.7,92.5,84.3,2.0,24.0,0.0,1.0,7.0,0.0
4.4,98.3,0.0,0.0,3.3,6.7,2.7,94.8,94.0,86.0,13.0,3.0,0.0,2.0,2.0,0.0
4.3,100.0,0.0,0.0,3.5,4.9,3.8,96.6,85.7,81.7,31.0,0.0,0.0,4.0,0.0,0.0
3.4,98.2,0.0,0.0,4.3,3.8,3.1,96.6,86.7,84.5,48.0,0.0,0.0,7.0,0.0,0.0
2.8,100.0,0.0,0.0,5.0,3.4,2.6,95.1,81.3,85.9,49.0,0.0,0.0,8.0,0.0,0.0
3.3,96.5,0.0,0.0,6.1,2.5,2.6,93.8,87.7,82.4,44.0,0.0,0.0,10.0,0.0,0.0
3.4,94.7,2.0,1.0,6.6,3.2,2.1,92.5,82.8,85.5,24.0,0.0,9.0,7.0,0.0,33.0
3.3,94.8,13.0,2.0,6.7,3.1,2.0,94.0,87.9,85.4,3.0,0.0,45.0,2.0,0.0,109.0
3.5,96.6,31.0,4.0,4.9,3.1,3.1,85.7,91.5,82.8,0.0,0.0,73.0,0.0,0.0,152.0
4.3,96.6,48.0,7.0,3.8,2.1,4.1,86.7,92.7,78.6,0.0,0.0,87.0,0.0,0.0,168.0
5.0,95.1,49.0,8.0,3.4,2.7,4.4,81.3,84.2,77.3,0.0,0.0,88.0,0.0,0.0,182.0
6.1,93.8,44.0,10.0,2.5,2.4,5.2,87.7,82.2,73.6,0.0,0.0,73.0,0.0,0.0,179.0
6.6,92.5,24.0,7.0,3.2,2.9,5.5,82.8,84.3,74.0,0.0,0.0,45.0,0.0,0.0,129.0
6.7,94.0,3.0,2.0,3.1,2.7,4.9,87.9,86.0,73.3,0.0,0.0,9.0,0.0,0.0,36.0
4.9,85.7,0.0,0.0,3.1,3.8,3.7,91.5,81.7,83.3,0.0,0.0,0.0,0.0,0.0,0.0
3.8,86.7,0.0,0.0,2.1,3.1,2.6,92.7,84.5,85.9,0.0,0.0,0.0,0.0,0.0,0.0
3.4,81.3,0.0,0.0,2.7,2.6,2.4,84.2,85.9,89.4,0.0,0.0,0.0,0.0,0.0,0.0
2.5,87.7,0.0,0.0,2.4,2.6,2.3,82.2,82.4,89.3,0.0,0.0,0.0,0.0,0.0,0.0
3.2,82.8,0.0,0.0,2.9,2.1,2.3,84.3,85.5,89.3,0.0,9.0,0.0,0.0,33.0,0.0
3.1,87.9,0.0,0.0,2.7,2.0,2.2,86.0,85.4,91.1,0.0,45.0,0.0,0.0,109.0,0.0
3.1,91.5,0.0,0.0,3.8,3.1,1.5,81.7,82.8,94.3,0.0,73.0,0.0,0.0,152.0,0.0
2.1,92.7,0.0,0.0,3.1,4.1,1.6,84.5,78.6,94.3,0.0,87.0,0.0,0.0,168.0,0.0
2.7,84.2,0.0,0.0,2.6,4.4,1.8,85.9,77.3,94.4,0.0,88.0,0.0,0.0,182.0,0.0
2.4,82.2,0.0,0.0,2.6,5.2,2.0,82.4,73.6,92.6,0.0,73.0,0.0,0.0,179.0,0.0
2.9,84.3,0.0,0.0,2.1,5.5,2.5,85.5,74.0,89.5,9.0,45.0,0.0,33.0,129.0,0.0
2.7,86.0,0.0,0.0,2.0,4.9,2.2,85.4,73.3,90.9,45.0,9.0,0.0,109.0,36.0,0.0
3.8,81.7,0.0,0.0,3.1,3.7,1.8,82.8,83.3,94.4,73.0,0.0,0.0,152.0,0.0,0.0
3.1,84.5,0.0,0.0,4.1,2.6,0.7,78.6,85.9,98.0,87.0,0.0,0.0,168.0,0.0,0.0
2.6,85.9,0.0,0.0,4.4,2.4,1.2,77.3,89.4,96.2,88.0,0.0,0.0,182.0,0.0,0.0
2.6,82.4,0.0,0.0,5.2,2.3,1.5,73.6,89.3,96.2,73.0,0.0,0.0,179.0,0.0,0.0
2.1,85.5,9.0,33.0,5.5,2.3,1.6,74.0,89.3,92.4,45.0,0.0,5.0,129.0,0.0,4.0
2.0,85.4,45.0,109.0,4.9,2.2,1.9,73.3,91.1,92.6,9.0,0.0,24.0,36.0,0.0,7.0
3.1,82.8,73.0,152.0,3.7,1.5,2.5,83.3,94.3,89.3,0.0,0.0,41.0,0.0,0.0,10.0
4.1,78.6,87.0,168.0,2.6,1.6,3.6,85.9,94.3,83.1,0.0,0.0,59.0,0.0,0.0,16.0
4.4,77.3,88.0,182.0,2.4,1.8,4.2,89.4,94.4,81.8,0.0,0.0,65.0,0.0,0.0,22.0
5.2,73.6,73.0,179.0,2.3,2.0,4.8,89.3,92.6,79.2,0.0,0.0,56.0,0.0,0.0,27.0
5.5,74.0,45.0,129.0,2.3,2.5,5.0,89.3,89.5,80.9,0.0,0.0,36.0,0.0,0.0,30.0
4.9,73.3,9.0,36.0,2.2,2.2,4.8,91.1,90.9,80.8,0.0,0.0,7.0,0.0,0.0,12.0
3.7,83.3,0.0,0.0,1.5,1.8,4.1,94.3,94.4,85.1,0.0,0.0,0.0,0.0,0.0,0.0
2.6,85.9,0.0,0.0,1.6,0.7,4.4,94.3,98.0,85.2,0.0,0.0,0.0,0.0,0.0,0.0
2.4,89.4,0.0,0.0,1.8,1.2,3.8,94.4,96.2,86.5,0.0,0.0,0.0,0.0,0.0,0.0
2.3,89.3,0.0,0.0,2.0,1.5,3.5,92.6,96.2,86.4,0.0,0.0,0.0,0.0,0.0,0.0
2.3,89.3,0.0,0.0,2.5,1.6,2.7,89.5,92.4,87.6,0.0,5.0,0.0,0.0,4.0,0.0
2.2,91.1,0.0,0.0,2.2,1.9,2.3,90.9,92.6,85.4,0.0,24.0,0.0,0.0,7.0,0.0
1.5,94.3,0.0,0.0,1.8,2.5,1.7,94.4,89.3,87.0,0.0,41.0,0.0,0.0,10.0,0.0
1.6,94.3,0.0,0.0,0.7,3.6,1.3,98.0,83.1,86.6,0.0,59.0,0.0,0.0,16.0,0.0
1.8,94.4,0.0,0.0,1.2,4.2,1.2,96.2,81.8,86.6,0.0,65.0,0.0,0.0,22.0,0.0
2.0,92.6,0.0,0.0,1.5,4.8,0.7,96.2,79.2,88.0,0.0,56.0,0.0,0.0,27.0,0.0
2.5,89.5,0.0,0.0,1.6,5.0,0.7,92.4,80.9,86.2,5.0,36.0,0.0,4.0,30.0,0.0
2.2,90.9,0.0,0.0,1.9,4.8,0.3,92.6,80.8,86.5,24.0,7.0,0.0,7.0,12.0,0.0
1.8,94.4,0.0,0.0,2.5,4.1,0.0,89.3,85.1,86.1,41.0,0.0,0.0,10.0,0.0,0.0
0.7,98.0,0.0,0.0,3.6,4.4,-0.4,83.1,85.2,89.4,59.0,0.0,0.0,16.0,0.0,0.0
1.2,96.2,0.0,0.0,4.2,3.8,-0.4,81.8,86.5,89.4,65.0,0.0,0.0,22.0,0.0,0.0
1.5,96.2,0.0,0.0,4.8,3.5,-0.4,79.2,86.4,87.4,56.0,0.0,0.0,27.0,0.0,0.0
1.6,92.4,5.0,4.0,5.0,2.7,-1.0,80.9,87.6,84.5,36.0,0.0,7.0,30.0,0.0,15.0
1.9,92.6,24.0,7.0,4.8,2.3,-0.4,80.8,85.4,85.5,7.0,0.0,42.0,12.0,0.0,96.0
2.5,89.3,41.0,10.0,4.1,1.7,1.0,85.1,87.0,82.5,0.0,0.0,71.0,0.0,0.0,211.0
3.6,83.1,59.0,16.0,4.4,1.3,2.6,85.2,86.6,76.7,0.0,0.0,82.0,0.0,0.0,359.0
4.2,81.8,65.0,22.0,3.8,1.2,2.6,86.5,86.6,85.6,0.0,0.0,79.0,0.0,0.0,426.0
4.8,79.2,56.0,27.0,3.5,0.7,2.8,86.4,88.0,92.8,0.0,0.0,65.0,0.0,0.0,475.0
5.0,80.9,36.0,30.0,2.7,0.7,2.6,87.6,86.2,96.3,0.0,0.0,44.0,0.0,0.0,298.0
4.8,80.8,7.0,12.0,2.3,0.3,2.6,85.4,86.5,94.6,0.0,0.0,9.0,0.0,0.0,64.0
4.1,85.1,0.0,0.0,1.7,0.0,2.9,87.0,86.1,92.7,0.0,0.0,0.0,0.0,0.0,0.0
4.4,85.2,0.0,0.0,1.3,-0.4,2.8,86.6,89.4,92.8,0.0,0.0,0.0,0.0,0.0,0.0
3.8,86.5,0.0,0.0,1.2,-0.4,2.2,86.6,89.4,96.4,0.0,0.0,0.0,0.0,0.0,0.0
3.5,86.4,0.0,0.0,0.7,-0.4,1.6,88.0,87.4,96.2,0.0,0.0,0.0,0.0,0.0,0.0
2.7,87.6,0.0,0.0,0.7,-1.0,1.3,86.2,84.5,98.1,0.0,7.0,0.0,0.0,15.0,0.0
2.3,85.4,0.0,0.0,0.3,-0.4,0.4,86.5,85.5,97.9,0.0,42.0,0.0,0.0,96.0,0.0
1.7,87.0,0.0,0.0,0.0,1.0,0.1,86.1,82.5,98.0,0.0,71.0,0.0,0.0,211.0,0.0
1.3,86.6,0.0,0.0,-0.4,2.6,-0.6,89.4,76.7,97.4,0.0,82.0,0.0,0.0,359.0,0.0
1.2,86.6,0.0,0.0,-0.4,2.6,-0.5,89.4,85.6,97.5,0.0,79.0,0.0,0.0,426.0,0.0
0.7,88.0,0.0,0.0,-0.4,2.8,-0.7,87.4,92.8,97.2,0.0,65.0,0.0,0.0,475.0,0.0
0.7,86.2,0.0,0.0,-1.0,2.6,-1.1,84.5,96.3,98.9,7.0,44.0,0.0,15.0,298.0,0.0
0.3,86.5,0.0,0.0,-0.4,2.6,-0.4,85.5,94.6,99.7,42.0,9.0,0.0,96.0,64.0,0.0
0.0,86.1,0.0,0.0,1.0,2.9,-0.5,82.5,92.7,99.5,71.0,0.0,0.0,211.0,0.0,0.0
-0.4,89.4,0.0,0.0,2.6,2.8,-0.1,76.7,92.8,99.8,82.0,0.0,0.0,359.0,0.0,0.0
-0.4,89.4,0.0,0.0,2.6,2.2,0.1,85.6,96.4,100.0,79.0,0.0,0.0,426.0,0.0,0.0
-0.4,87.4,0.0,0.0,2.8,1.6,0.3,92.8,96.2,100.0,65.0,0.0,0.0,475.0,0.0,0.0
-1.0,84.5,7.0,15.0,2.6,1.3,0.5,96.3,98.1,100.0,44.0,0.0,6.0,298.0,0.0,5.0
-0.4,85.5,42.0,96.0,2.6,0.4,1.0,94.6,97.9,100.0,9.0,0.0,26.0,64.0,0.0,9.0
1.0,82.5,71.0,211.0,2.9,0.1,1.2,92.7,98.0,100.0,0.0,0.0,42.0,0.0,0.0,9.0
2.6,76.7,82.0,359.0,2.8,-0.6,1.9,92.8,97.4,100.0,0.0,0.0,40.0,0.0,0.0,5.0
2.6,85.6,79.0,426.0,2.2,-0.5,3.2,96.4,97.5,100.0,0.0,0.0,28.0,0.0,0.0,2.0
2.8,92.8,65.0,475.0,1.6,-0.7,3.8,96.2,97.2,98.3,0.0,0.0,18.0,0.0,0.0,1.0
2.6,96.3,44.0,298.0,1.3,-1.1,5.1,98.1,98.9,98.4,0.0,0.0,13.0,0.0,0.0,2.0
2.6,94.6,9.0,64.0,0.4,-0.4,6.2,97.9,99.7,98.5,0.0,0.0,2.0,0.0,0.0,1.0
2.9,92.7,0.0,0.0,0.1,-0.5,6.9,98.0,99.5,98.5,0.0,0.0,0.0,0.0,0.0,0.0
2.8,92.8,0.0,0.0,-0.6,-0.1,7.4,97.4,99.8,98.5,0.0,0.0,0.0,0.0,0.0,0.0
2.2,96.4,0.0,0.0,-0.5,0.1,7.9,97.5,100.0,98.6,0.0,0.0,0.0,0.0,0.0,0.0
1.6,96.2,0.0,0.0,-0.7,0.3,8.0,97.2,100.0,98.6,0.0,0.0,0.0,0.0,0.0,0.0
1.3,98.1,0.0,0.0,-1.1,0.5,9.1,98.9,100.0,97.3,0.0,6.0,0.0,0.0,5.0,0.0
0.4,97.9,0.0,0.0,-0.4,1.0,9.0,99.7,100.0,91.8,0.0,26.0,0.0,0.0,9.0,0.0
0.1,98.0,0.0,0.0,-0.5,1.2,7.9,99.5,100.0,81.5,0.0,42.0,0.0,0.0,9.0,0.0
-0.6,97.4,0.0,0.0,-0.1,1.9,5.7,99.8,100.0,87.4,0.0,40.0,0.0,0.0,5.0,0.0
-0.5,97.5,0.0,0.0,0.1,3.2,4.8,100.0,100.0,88.6,0.0,28.0,0.0,0.0,2.0,0.0
-0.7,97.2,0.0,0.0,0.3,3.8,3.4,100.0,98.3,89.5,0.0,18.0,0.0,0.0,1.0,0.0
-1.1,98.9,0.0,0.0,0.5,5.1,3.0,100.0,98.4,87.6,6.0,13.0,0.0,5.0,2.0,0.0
-0.4,99.7,0.0,0.0,1.0,6.2,2.4,100.0,98.5,90.9,26.0,2.0,0.0,9.0,1.0,0.0
-0.5,99.5,0.0,0.0,1.2,6.9,2.3,100.0,98.5,90.8,42.0,0.0,0.0,9.0,0.0,0.0
-0.1,99.8,0.0,0.0,1.9,7.4,2.4,100.0,98.5,90.9,40.0,0.0,0.0,5.0,0.0,0.0
0.1,100.0,0.0,0.0,3.2,7.9,2.2,100.0,98.6,92.6,28.0,0.0,0.0,2.0,0.0,0.0
0.3,100.0,0.0,0.0,3.8,8.0,2.2,98.3,98.6,92.6,18.0,0.0,0.0,1.0,0.0,0.0
0.5,100.0,6.0,5.0,5.1,9.1,1.5,98.4,97.3,94.1,13.0,0.0,6.0,2.0,0.0,10.0
1.0,100.0,26.0,9.0,6.2,9.0,1.4,98.5,91.8,94.2,2.0,0.0,31.0,1.0,0.0,23.0
1.2,100.0,42.0,9.0,6.9,7.9,2.5,98.5,81.5,92.7,0.0,0.0,58.0,0.0,0.0,44.0
1.9,100.0,40.0,5.0,7.4,5.7,3.9,98.5,87.4,89.7,0.0,0.0,86.0,0.0,0.0,135.0
3.2,100.0,28.0,2.0,7.9,4.8,5.1,98.6,88.6,83.8,0.0,0.0,87.0,0.0,0.0,251.0
3.8,98.3,18.0,1.0,8.0,3.4,6.1,98.6,89.5,78.5,0.0,0.0,71.0,0.0,0.0,308.0
5.1,98.4,13.0,2.0,9.1,3.0,6.1,97.3,87.6,81.4,0.0,0.0,46.0,0.0,0.0,293.0
6.2,98.5,2.0,1.0,9.0,2.4,5.1,91.8,90.9,83.8,0.0,0.0,10.0,0.0,0.0,78.0
6.9,98.5,0.0,0.0,7.9,2.3,4.0,81.5,90.8,89.9,0.0,0.0,0.0,0.0,0.0,0.0
7.4,98.5,0.0,0.0,5.7,2.4,2.9,87.4,90.9,92.7,0.0,0.0,0.0,0.0,0.0,0.0
7.9,98.6,0.0,0.0,4.8,2.2,1.7,88.6,92.6,96.2,0.0,0.0,0.0,0.0,0.0,0.0
8.0,98.6,0.0,0.0,3.4,2.2,-0.2,89.5,92.6,95.7,0.0,0.0,0.0,0.0,0.0,0.0
9.1,97.3,0.0,0.0,3.0,1.5,-0.4,87.6,94.1,99.7,0.0,6.0,0.0,0.0,10.0,0.0
9.0,91.8,0.0,0.0,2.4,1.4,-0.4,90.9,94.2,99.7,0.0,31.0,0.0,0.0,23.0,0.0
7.9,81.5,0.0,0.0,2.3,2.5,-0.7,90.8,92.7,99.3,0.0,58.0,0.0,0.0,44.0,0.0
5.7,87.4,0.0,0.0,2.4,3.9,-1.2,90.9,89.7,98.8,0.0,86.0,0.0,0.0,135.0,0.0
4.8,88.6,0.0,0.0,2.2,5.1,-0.8,92.6,83.8,99.3,0.0,87.0,0.0,0.0,251.0,0.0
3.4,89.5,0.0,0.0,2.2,6.1,-1.1,92.6,78.5,98.9,0.0,71.0,0.0,0.0,308.0,0.0
3.0,87.6,0.0,0.0,1.5,6.1,-0.1,94.1,81.4,99.8,6.0,46.0,0.0,10.0,293.0,0.0
2.4,90.9,0.0,0.0,1.4,5.1,-1.0,94.2,83.8,98.9,31.0,10.0,0.0,23.0,78.0,0.0
2.3,90.8,0.0,0.0,2.5,4.0,-1.0,92.7,89.9,98.9,58.0,0.0,0.0,44.0,0.0,0.0
2.4,90.9,0.0,0.0,3.9,2.9,-0.9,89.7,92.7,99.1,86.0,0.0,0.0,135.0,0.0,0.0
2.2,92.6,0.0,0.0,5.1,1.7,-0.6,83.8,96.2,99.3,87.0,0.0,0.0,251.0,0.0,0.0
2.2,92.6,0.0,0.0,6.1,-0.2,-0.1,78.5,95.7,99.8,71.0,0.0,0.0,308.0,0.0,0.0
1.5,94.1,6.0,10.0,6.1,-0.4,-0.1,81.4,99.7,99.8,46.0,0.0,5.0,293.0,0.0,4.0
1.4,94.2,31.0,23.0,5.1,-0.4,0.4,83.8,99.7,100.0,10.0,0.0,27.0,78.0,0.0,14.0
2.5,92.7,58.0,44.0,4.0,-0.7,1.4,89.9,99.3,98.1,0.0,0.0,57.0,0.0,0.0,36.0
3.9,89.7,86.0,135.0,2.9,-1.2,2.3,92.7,98.8,96.3,0.0,0.0,88.0,0.0,0.0,123.0
5.1,83.8,87.0,251.0,1.7,-0.8,2.6,96.2,99.3,96.2,0.0,0.0,90.0,0.0,0.0,189.0
6.1,78.5,71.0,308.0,-0.2,-1.1,4.4,95.7,98.9,91.6,0.0,0.0,73.0,0.0,0.0,141.0
6.1,81.4,46.0,293.0,-0.4,-0.1,4.6,99.7,99.8,90.0,0.0,0.0,41.0,0.0,0.0,69.0
5.1,83.8,10.0,78.0,-0.4,-1.0,4.5,99.7,98.9,91.6,0.0,0.0,7.0,0.0,0.0,19.0
4.0,89.9,0.0,0.0,-0.7,-1.0,3.9,99.3,98.9,94.8,0.0,0.0,0.0,0.0,0.0,0.0
2.9,92.7,0.0,0.0,-1.2,-0.9,4.4,98.8,99.1,94.9,0.0,0.0,0.0,0.0,0.0,0.0
1.7,96.2,0.0,0.0,-0.8,-0.6,4.5,99.3,99.3,96.6,0.0,0.0,0.0,0.0,0.0,0.0
-0.2,95.7,0.0,0.0,-1.1,-0.1,5.6,98.9,99.8,93.6,0.0,0.0,0.0,0.0,0.0,0.0
-0.4,99.7,0.0,0.0,-0.1,-0.1,5.8,99.8,99.8,93.7,0.0,5.0,0.0,0.0,4.0,0.0
-0.4,99.7,0.0,0.0,-1.0,0.4,5.6,98.9,100.0,96.7,0.0,27.0,0.0,0.0,14.0,0.0
-0.7,99.3,0.0,0.0,-1.0,1.4,6.2,98.9,98.1,98.5,0.0,57.0,0.0,0.0,36.0,0.0
-1.2,98.8,0.0,0.0,-0.9,2.3,6.1,99.1,96.3,100.0,0.0,88.0,0.0,0.0,123.0,0.0
-0.8,99.3,0.0,0.0,-0.6,2.6,6.4,99.3,96.2,100.0,0.0,90.0,0.0,0.0,189.0,0.0
-1.1,98.9,0.0,0.0,-0.1,4.4,6.4,99.8,91.6,98.4,0.0,73.0,0.0,0.0,141.0,0.0
-0.1,99.8,0.0,0.0,-0.1,4.6,6.7,99.8,90.0,100.0,5.0,41.0,0.0,4.0,69.0,0.0
-1.0,98.9,0.0,0.0,0.4,4.5,7.0,100.0,91.6,100.0,27.0,7.0,0.0,14.0,19.0,0.0
-1.0,98.9,0.0,0.0,1.4,3.9,7.3,98.1,94.8,100.0,57.0,0.0,0.0,36.0,0.0,0.0
-0.9,99.1,0.0,0.0,2.3,4.4,7.4,96.3,94.9,100.0,88.0,0.0,0.0,123.0,0.0,0.0
-0.6,99.3,0.0,0.0,2.6,4.5,7.5,96.2,96.6,100.0,90.0,0.0,0.0,189.0,0.0,0.0
-0.1,99.8,0.0,0.0,4.4,5.6,7.4,91.6,93.6,100.0,73.0,0.0,0.0,141.0,0.0,0.0
-0.1,99.8,5.0,4.0,4.6,5.8,7.5,90.0,93.7,100.0,41.0,0.0,3.0,69.0,0.0,1.0
0.4,100.0,27.0,14.0,4.5,5.6,7.7,91.6,96.7,100.0,7.0,0.0,17.0,19.0,0.0,3.0
1.4,98.1,57.0,36.0,3.9,6.2,8.3,94.8,98.5,100.0,0.0,0.0,34.0,0.0,0.0,5.0
2.3,96.3,88.0,123.0,4.4,6.1,8.9,94.9,100.0,100.0,0.0,0.0,46.0,0.0,0.0,7.0
2.6,96.2,90.0,189.0,4.5,6.4,9.4,96.6,100.0,100.0,0.0,0.0,51.0,0.0,0.0,10.0
4.4,91.6,73.0,141.0,5.6,6.4,10.0,93.6,98.4,99.11666666666667,0.0,0.0,44.0,0.0,0.0,11.0
4.6,90.0,41.0,69.0,5.8,6.7,10.2,93.7,100.0,98.23333333333332,0.0,0.0,25.0,0.0,0.0,9.0
4.5,91.6,7.0,19.0,5.6,7.0,10.4,96.7,100.0,97.35,0.0,0.0,4.0,0.0,0.0,3.0
3.9,94.8,0.0,0.0,6.2,7.3,10.5,98.5,100.0,96.46666666666668,0.0,0.0,0.0,0.0,0.0,0.0
4.4,94.9,0.0,0.0,6.1,7.4,10.4,100.0,100.0,95.58333333333334,0.0,0.0,0.0,0.0,0.0,0.0
4.5,96.6,0.0,0.0,6.4,7.5,10.2,100.0,100.0,94.7,0.0,0.0,0.0,0.0,0.0,0.0
5.6,93.6,0.0,0.0,6.4,7.4,9.9,98.4,100.0,96.0,0.0,0.0,0.0,0.0,0.0,0.0
5.8,93.7,0.0,0.0,6.7,7.5,9.8,100.0,100.0,96.0,0.0,3.0,0.0,0.0,1.0,0.0
5.6,96.7,0.0,0.0,7.0,7.7,9.6,100.0,100.0,97.2,0.0,17.0,0.0,0.0,3.0,0.0
6.2,98.5,0.0,0.0,7.3,8.3,9.5,100.0,100.0,97.2,0.0,34.0,0.0,0.0,5.0,0.0
6.1,100.0,0.0,0.0,7.4,8.9,9.4,100.0,100.0,97.2,0.0,46.0,0.0,0.0,7.0,0.0
6.4,100.0,0.0,0.0,7.5,9.4,9.7,100.0,100.0,97.3,0.0,51.0,0.0,0.0,10.0,0.0
6.4,98.4,0.0,0.0,7.4,10.0,9.6,100.0,99.11666666666667,97.2,0.0,44.0,0.0,0.0,11.0,0.0
6.7,100.0,0.0,0.0,7.5,10.2,9.3,100.0,98.23333333333332,98.6,3.0,25.0,0.0,1.0,9.0,0.0
7.0,100.0,0.0,0.0,7.7,10.4,9.3,100.0,97.35,98.6,17.0,4.0,0.0,3.0,3.0,0.0
7.3,100.0,0.0,0.0,8.3,10.5,9.1,100.0,96.46666666666668,98.6,34.0,0.0,0.0,5.0,0.0,0.0
7.4,100.0,0.0,0.0,8.9,10.4,9.1,100.0,95.58333333333334,98.6,46.0,0.0,0.0,7.0,0.0,0.0
7.5,100.0,0.0,0.0,9.4,10.2,9.1,100.0,94.7,98.6,51.0,0.0,0.0,10.0,0.0,0.0
7.4,100.0,0.0,0.0,10.0,9.9,9.0,99.11666666666667,96.0,100.0,44.0,0.0,0.0,11.0,0.0,0.0
7.5,100.0,3.0,1.0,10.2,9.8,9.1,98.23333333333332,96.0,100.0,25.0,0.0,1.0,9.0,0.0,0.0
7.7,100.0,17.0,3.0,10.4,9.6,9.2,97.35,97.2,100.0,4.0,0.0,11.0,3.0,0.0,2.0
8.3,100.0,34.0,5.0,10.5,9.5,9.5,96.46666666666668,97.2,100.0,0.0,0.0,31.0,0.0,0.0,4.0
8.9,100.0,46.0,7.0,10.4,9.4,10.2,95.58333333333334,97.2,98.7,0.0,0.0,56.0,0.0,0.0,12.0
9.4,100.0,51.0,10.0,10.2,9.7,10.7,94.7,97.3,97.4,0.0,0.0,61.0,0.0,0.0,17.0
10.0,99.11666666666667,44.0,11.0,9.9,9.6,11.0,96.0,97.2,96.1,0.0,0.0,48.0,0.0,0.0,14.0
10.2,98.23333333333332,25.0,9.0,9.8,9.3,11.2,96.0,98.6,93.6,0.0,0.0,24.0,0.0,0.0,8.0
10.4,97.35,4.0,3.0,9.6,9.3,10.9,97.2,98.6,92.3,0.0,0.0,4.0,0.0,0.0,2.0
10.5,96.46666666666668,0.0,0.0,9.5,9.1,10.9,97.2,98.6,88.5,0.0,0.0,0.0,0.0,0.0,0.0
10.4,95.58333333333334,0.0,0.0,9.4,9.1,10.7,97.2,98.6,88.4,0.0,0.0,0.0,0.0,0.0,0.0
10.2,94.7,0.0,0.0,9.7,9.1,10.4,97.3,98.6,90.8,0.0,0.0,0.0,0.0,0.0,0.0
9.9,96.0,0.0,0.0,9.6,9.0,10.0,97.2,100.0,92.0,0.0,0.0,0.0,0.0,0.0,0.0
9.8,96.0,0.0,0.0,9.3,9.1,9.8,98.6,100.0,91.9,0.0,1.0,0.0,0.0,0.0,0.0
9.6,97.2,0.0,0.0,9.3,9.2,8.4,98.6,100.0,95.6,0.0,11.0,0.0,0.0,2.0,0.0
9.5,97.2,0.0,0.0,9.1,9.5,8.5,98.6,100.0,97.1,0.0,31.0,0.0,0.0,4.0,0.0
9.4,97.2,0.0,0.0,9.1,10.2,7.8,98.6,98.7,97.0,0.0,56.0,0.0,0.0,12.0,0.0
9.7,97.3,0.0,0.0,9.1,10.7,7.8,98.6,97.4,97.0,0.0,61.0,0.0,0.0,17.0,0.0
9.6,97.2,0.0,0.0,9.0,11.0,7.5,100.0,96.1,98.6,0.0,48.0,0.0,0.0,14.0,0.0
9.3,98.6,0.0,0.0,9.1,11.2,7.7,100.0,93.6,98.6,1.0,24.0,0.0,0.0,8.0,0.0
9.3,98.6,0.0,0.0,9.2,10.9,7.4,100.0,92.3,98.5,11.0,4.0,0.0,2.0,2.0,0.0
9.1,98.6,0.0,0.0,9.5,10.9,7.7,100.0,88.5,98.6,31.0,0.0,0.0,4.0,0.0,0.0
9.1,98.6,0.0,0.0,10.2,10.7,7.9,98.7,88.4,98.6,56.0,0.0,0.0,12.0,0.0,0.0
9.1,98.6,0.0,0.0,10.7,10.4,7.8,97.4,90.8,98.5,61.0,0.0,0.0,17.0,0.0,0.0
9.0,100.0,0.0,0.0,11.0,10.0,8.3,96.1,92.0,98.6,48.0,0.0,0.0,14.0,0.0,0.0
9.1,100.0,1.0,0.0,11.2,9.8,8.3,93.6,91.9,98.6,24.0,0.0,6.0,8.0,0.0,8.0
9.2,100.0,11.0,2.0,10.9,8.4,8.5,92.3,95.6,100.0,4.0,0.0,29.0,2.0,0.0,16.0
9.5,100.0,31.0,4.0,10.9,8.5,8.8,88.5,97.1,100.0,0.0,0.0,55.0,0.0,0.0,26.0
10.2,98.7,56.0,12.0,10.7,7.8,9.1,88.4,97.0,100.0,0.0,0.0,66.0,0.0,0.0,28.0
10.7,97.4,61.0,17.0,10.4,7.8,9.2,90.8,97.0,98.6,0.0,0.0,71.0,0.0,0.0,36.0
11.0,96.1,48.0,14.0,10.0,7.5,9.5,92.0,98.6,97.2,0.0,0.0,62.0,0.0,0.0,44.0
11.2,93.6,24.0,8.0,9.8,7.7,9.9,91.9,98.6,93.4,0.0,0.0,36.0,0.0,0.0,32.0
10.9,92.3,4.0,2.0,8.4,7.4,9.6,95.6,98.5,93.2,0.0,0.0,6.0,0.0,0.0,8.0
10.9,88.5,0.0,0.0,8.5,7.7,9.8,97.1,98.6,91.9,0.0,0.0,0.0,0.0,0.0,0.0
10.7,88.4,0.0,0.0,7.8,7.9,9.7,97.0,98.6,90.5,0.0,0.0,0.0,0.0,0.0,0.0
10.4,90.8,0.0,0.0,7.8,7.8,9.5,97.0,98.5,91.8,0.0,0.0,0.0,0.0,0.0,0.0
10.0,92.0,0.0,0.0,7.5,8.3,9.3,98.6,98.6,91.7,0.0,0.0,0.0,0.0,0.0,0.0
9.8,91.9,0.0,0.0,7.7,8.3,8.8,98.6,98.6,93.0,0.0,6.0,0.0,0.0,8.0,0.0
8.4,95.6,0.0,0.0,7.4,8.5,8.6,98.5,100.0,95.7,0.0,29.0,0.0,0.0,16.0,0.0
8.5,97.1,0.0,0.0,7.7,8.8,8.7,98.6,100.0,94.4,0.0,55.0,0.0,0.0,26.0,0.0
7.8,97.0,0.0,0.0,7.9,9.1,8.6,98.6,100.0,95.7,0.0,66.0,0.0,0.0,28.0,0.0
7.8,97.0,0.0,0.0,7.8,9.2,8.6,98.5,98.6,97.1,0.0,71.0,0.0,0.0,36.0,0.0
7.5,98.6,0.0,0.0,8.3,9.5,8.4,98.6,97.2,97.1,0.0,62.0,0.0,0.0,44.0,0.0
7.7,98.6,0.0,0.0,8.3,9.9,8.5,98.6,93.4,97.1,6.0,36.0,0.0,8.0,32.0,0.0
7.4,98.5,0.0,0.0,8.5,9.6,8.9,100.0,93.2,94.4,29.0,6.0,0.0,16.0,8.0,0.0
7.7,98.6,0.0,0.0,8.8,9.8,9.0,100.0,91.9,94.5,55.0,0.0,0.0,26.0,0.0,0.0
7.9,98.6,0.0,0.0,9.1,9.7,9.0,100.0,90.5,94.5,66.0,0.0,0.0,28.0,0.0,0.0
7.8,98.5,0.0,0.0,9.2,9.5,8.8,98.6,91.8,97.2,71.0,0.0,0.0,36.0,0.0,0.0
8.3,98.6,0.0,0.0,9.5,9.3,8.7,97.2,91.7,98.7,62.0,0.0,0.0,44.0,0.0,0.0
8.3,98.6,6.0,8.0,9.9,8.8,8.6,93.4,93.0,97.1,36.0,0.0,6.0,32.0,0.0,6.0
8.5,100.0,29.0,16.0,9.6,8.6,8.0,93.2,95.7,98.6,6.0,0.0,28.0,8.0,0.0,12.0
8.8,100.0,55.0,26.0,9.8,8.7,7.9,91.9,94.4,98.6,0.0,0.0,41.0,0.0,0.0,10.0
9.1,100.0,66.0,28.0,9.7,8.6,8.0,90.5,95.7,97.1,0.0,0.0,52.0,0.0,0.0,12.0
9.2,98.6,71.0,36.0,9.5,8.6,8.1,91.8,97.1,95.7,0.0,0.0,55.0,0.0,0.0,13.0
9.5,97.2,62.0,44.0,9.3,8.4,8.5,91.7,97.1,94.3,0.0,0.0,50.0,0.0,0.0,18.0
9.9,93.4,36.0,32.0,8.8,8.5,8.6,93.0,97.1,92.9,0.0,0.0,30.0,0.0,0.0,15.0
9.6,93.2,6.0,8.0,8.6,8.9,8.3,95.7,94.4,93.0,0.0,0.0,5.0,0.0,0.0,5.0
9.8,91.9,0.0,0.0,8.7,9.0,8.1,94.4,94.5,94.3,0.0,0.0,0.0,0.0,0.0,0.0
9.7,90.5,0.0,0.0,8.6,9.0,8.2,95.7,94.5,94.3,0.0,0.0,0.0,0.0,0.0,0.0
9.5,91.8,0.0,0.0,8.6,8.8,7.9,97.1,97.2,94.2,0.0,0.0,0.0,0.0,0.0,0.0
9.3,91.7,0.0,0.0,8.4,8.7,7.9,97.1,98.7,94.2,0.0,0.0,0.0,0.0,0.0,0.0
8.8,93.0,0.0,0.0,8.5,8.6,8.2,97.1,97.1,94.3,0.0,6.0,0.0,0.0,6.0,0.0
8.6,95.7,0.0,0.0,8.9,8.0,8.4,94.4,98.6,91.6,0.0,28.0,0.0,0.0,12.0,0.0
8.7,94.4,0.0,0.0,9.0,7.9,8.3,94.5,98.6,91.5,0.0,41.0,0.0,0.0,10.0,0.0
8.6,95.7,0.0,0.0,9.0,8.0,8.0,94.5,97.1,91.4,0.0,52.0,0.0,0.0,12.0,0.0
8.6,97.1,0.0,0.0,8.8,8.1,7.8,97.2,95.7,94.1,0.0,55.0,0.0,0.0,13.0,0.0
8.4,97.1,0.0,0.0,8.7,8.5,7.7,98.7,94.3,95.6,0.0,50.0,0.0,0.0,18.0,0.0
8.5,97.1,0.0,0.0,8.6,8.6,8.1,97.1,92.9,94.3,6.0,30.0,0.0,6.0,15.0,0.0
8.9,94.4,0.0,0.0,8.0,8.3,8.5,98.6,93.0,93.0,28.0,5.0,0.0,12.0,5.0,0.0
9.0,94.5,0.0,0.0,7.9,8.1,8.6,98.6,94.3,92.9,41.0,0.0,0.0,10.0,0.0,0.0
9.0,94.5,0.0,0.0,8.0,8.2,8.7,97.1,94.3,93.1,52.0,0.0,0.0,12.0,0.0,0.0
8.8,97.2,0.0,0.0,8.1,7.9,8.8,95.7,94.2,91.7,55.0,0.0,0.0,13.0,0.0,0.0
8.7,98.7,0.0,0.0,8.5,7.9,8.2,94.3,94.2,92.8,50.0,0.0,0.0,18.0,0.0,0.0
8.6,97.1,6.0,6.0,8.6,8.2,8.3,92.9,94.3,94.3,30.0,0.0,5.0,15.0,0.0,4.0
8.0,98.6,28.0,12.0,8.3,8.4,8.7,93.0,91.6,91.6,5.0,0.0,25.0,5.0,0.0,9.0
7.9,98.6,41.0,10.0,8.1,8.3,8.6,94.3,91.5,91.6,0.0,0.0,47.0,0.0,0.0,14.0
8.0,97.1,52.0,12.0,8.2,8.0,8.6,94.3,91.4,90.3,0.0,0.0,61.0,0.0,0.0,17.0
8.1,95.7,55.0,13.0,7.9,7.8,8.4,94.2,94.1,91.6,0.0,0.0,58.0,0.0,0.0,14.0
8.5,94.3,50.0,18.0,7.9,7.7,8.4,94.2,95.6,91.6,0.0,0.0,40.0,0.0,0.0,8.0
8.6,92.9,30.0,15.0,8.2,8.1,8.5,94.3,94.3,88.8,0.0,0.0,17.0,0.0,0.0,4.0
8.3,93.0,5.0,5.0,8.4,8.5,8.6,91.6,93.0,88.9,0.0,0.0,3.0,0.0,0.0,1.0
8.1,94.3,0.0,0.0,8.3,8.6,8.8,91.5,92.9,86.3,0.0,0.0,0.0,0.0,0.0,0.0
8.2,94.3,0.0,0.0,8.0,8.7,9.1,91.4,93.1,86.4,0.0,0.0,0.0,0.0,0.0,0.0
7.9,94.2,0.0,0.0,7.8,8.8,9.1,94.1,91.7,86.4,0.0,0.0,0.0,0.0,0.0,0.0
7.9,94.2,0.0,0.0,7.7,8.2,8.9,95.6,92.8,90.4,0.0,0.0,0.0,0.0,0.0,0.0
8.2,94.3,0.0,0.0,8.1,8.3,9.2,94.3,94.3,87.8,0.0,5.0,0.0,0.0,4.0,0.0
8.4,91.6,0.0,0.0,8.5,8.7,9.3,93.0,91.6,86.5,0.0,25.0,0.0,0.0,9.0,0.0
8.3,91.5,0.0,0.0,8.6,8.6,9.5,92.9,91.6,84.0,0.0,47.0,0.0,0.0,14.0,0.0
8.0,91.4,0.0,0.0,8.7,8.6,9.5,93.1,90.3,84.0,0.0,61.0,0.0,0.0,17.0,0.0
7.8,94.1,0.0,0.0,8.8,8.4,9.4,91.7,91.6,84.0,0.0,58.0,0.0,0.0,14.0,0.0
7.7,95.6,0.0,0.0,8.2,8.4,9.3,92.8,91.6,85.2,0.0,40.0,0.0,0.0,8.0,0.0
8.1,94.3,0.0,0.0,8.3,8.5,9.6,94.3,88.8,81.5,5.0,17.0,0.0,4.0,4.0,0.0
8.5,93.0,0.0,0.0,8.7,8.6,9.9,91.6,88.9,80.5,25.0,3.0,0.0,9.0,1.0,0.0
8.6,92.9,0.0,0.0,8.6,8.8,9.8,91.6,86.3,82.9,47.0,0.0,0.0,14.0,0.0,0.0
8.7,93.1,0.0,0.0,8.6,9.1,9.8,90.3,86.4,84.2,61.0,0.0,0.0,17.0,0.0,0.0
8.8,91.7,0.0,0.0,8.4,9.1,9.9,91.6,86.4,81.7,58.0,0.0,0.0,14.0,0.0,0.0
8.2,92.8,0.0,0.0,8.4,8.9,9.4,91.6,90.4,85.3,40.0,0.0,0.0,8.0,0.0,0.0
8.3,94.3,5.0,4.0,8.5,9.2,9.5,88.8,87.8,86.6,17.0,0.0,6.0,4.0,0.0,8.0
8.7,91.6,25.0,9.0,8.6,9.3,9.8,88.9,86.5,84.2,3.0,0.0,33.0,1.0,0.0,24.0
8.6,91.6,47.0,14.0,8.8,9.5,10.0,86.3,84.0,83.1,0.0,0.0,57.0,0.0,0.0,30.0
8.6,90.3,61.0,17.0,9.1,9.5,10.1,86.4,84.0,84.4,0.0,0.0,75.0,0.0,0.0,43.0
8.4,91.6,58.0,14.0,9.1,9.4,10.8,86.4,84.0,81.1,0.0,0.0,78.0,0.0,0.0,50.0
8.4,91.6,40.0,8.0,8.9,9.3,10.6,90.4,85.2,82.3,0.0,0.0,54.0,0.0,0.0,24.0
8.5,88.8,17.0,4.0,9.2,9.6,10.0,87.8,81.5,88.3,0.0,0.0,26.0,0.0,0.0,11.0
8.6,88.9,3.0,1.0,9.3,9.9,10.7,86.5,80.5,82.4,0.0,0.0,3.0,0.0,0.0,2.0
8.8,86.3,0.0,0.0,9.5,9.8,10.3,84.0,82.9,83.3,0.0,0.0,0.0,0.0,0.0,0.0
9.1,86.4,0.0,0.0,9.5,9.8,10.1,84.0,84.2,83.2,0.0,0.0,0.0,0.0,0.0,0.0
9.1,86.4,0.0,0.0,9.4,9.9,9.8,84.0,81.7,85.6,0.0,0.0,0.0,0.0,0.0,0.0
8.9,90.4,0.0,0.0,9.3,9.4,9.6,85.2,85.3,88.0,0.0,0.0,0.0,0.0,0.0,0.0
9.2,87.8,0.0,0.0,9.6,9.5,9.6,81.5,86.6,86.9,0.0,6.0,0.0,0.0,8.0,0.0
9.3,86.5,0.0,0.0,9.9,9.8,9.1,80.5,84.2,89.3,0.0,33.0,0.0,0.0,24.0,0.0
9.5,84.0,0.0,0.0,9.8,10.0,8.8,82.9,83.1,93.1,0.0,57.0,0.0,0.0,30.0,0.0
9.5,84.0,0.0,0.0,9.8,10.1,5.6,84.2,84.4,92.2,0.0,75.0,0.0,0.0,43.0,0.0
9.4,84.0,0.0,0.0,9.9,10.8,4.2,81.7,81.1,91.6,0.0,78.0,0.0,0.0,50.0,0.0
9.3,85.2,0.0,0.0,9.4,10.6,4.4,85.3,82.3,93.3,0.0,54.0,0.0,0.0,24.0,0.0
9.6,81.5,0.0,0.0,9.5,10.0,4.2,86.6,88.3,91.6,6.0,26.0,0.0,8.0,11.0,0.0
9.9,80.5,0.0,0.0,9.8,10.7,3.6,84.2,82.4,91.4,33.0,3.0,0.0,24.0,2.0,0.0
9.8,82.9,0.0,0.0,10.0,10.3,3.3,83.1,83.3,91.3,57.0,0.0,0.0,30.0,0.0,0.0
9.8,84.2,0.0,0.0,10.1,10.1,3.2,84.4,83.2,91.3,75.0,0.0,0.0,43.0,0.0,0.0
9.9,81.7,0.0,0.0,10.8,9.8,3.1,81.1,85.6,91.3,78.0,0.0,0.0,50.0,0.0,0.0
9.4,85.3,0.0,0.0,10.6,9.6,3.0,82.3,88.0,89.4,54.0,0.0,0.0,24.0,0.0,0.0
9.5,86.6,6.0,8.0,10.0,9.6,2.8,88.3,86.9,89.4,26.0,0.0,8.0,11.0,0.0,36.0
9.8,84.2,33.0,24.0,10.7,9.1,2.8,82.4,89.3,89.4,3.0,0.0,43.0,2.0,0.0,130.0
10.0,83.1,57.0,30.0,10.3,8.8,3.1,83.3,93.1,89.5,0.0,0.0,71.0,0.0,0.0,288.0
10.1,84.4,75.0,43.0,10.1,5.6,4.2,83.2,92.2,85.1,0.0,0.0,81.0,0.0,0.0,362.0
10.8,81.1,78.0,50.0,9.8,4.2,4.7,85.6,91.6,85.5,0.0,0.0,80.0,0.0,0.0,409.0
10.6,82.3,54.0,24.0,9.6,4.4,5.4,88.0,93.3,82.9,0.0,0.0,71.0,0.0,0.0,260.0
10.0,88.3,26.0,11.0,9.6,4.2,5.9,86.9,91.6,80.2,0.0,0.0,43.0,0.0,0.0,127.0
10.7,82.4,3.0,2.0,9.1,3.6,4.7,89.3,91.4,85.6,0.0,0.0,9.0,0.0,0.0,51.0
10.3,83.3,0.0,0.0,8.8,3.3,4.5,93.1,91.3,87.0,0.0,0.0,0.0,0.0,0.0,0.0
10.1,83.2,0.0,0.0,5.6,3.2,4.4,92.2,91.3,90.1,0.0,0.0,0.0,0.0,0.0,0.0
9.8,85.6,0.0,0.0,4.2,3.1,4.0,91.6,91.3,95.0,0.0,0.0,0.0,0.0,0.0,0.0
9.6,88.0,0.0,0.0,4.4,3.0,3.8,93.3,89.4,96.6,0.0,0.0,0.0,0.0,0.0,0.0
9.6,86.9,0.0,0.0,4.2,2.8,3.9,91.6,89.4,98.3,0.0,8.0,0.0,0.0,36.0,0.0
9.1,89.3,0.0,0.0,3.6,2.8,4.1,91.4,89.4,98.3,0.0,43.0,0.0,0.0,130.0,0.0
8.8,93.1,0.0,0.0,3.3,3.1,4.5,91.3,89.5,98.3,0.0,71.0,0.0,0.0,288.0,0.0
5.6,92.2,0.0,0.0,3.2,4.2,4.4,91.3,85.1,98.3,0.0,81.0,0.0,0.0,362.0,0.0
4.2,91.6,0.0,0.0,3.1,4.7,4.7,91.3,85.5,100.0,0.0,80.0,0.0,0.0,409.0,0.0
4.4,93.3,0.0,0.0,3.0,5.4,4.0,89.4,82.9,98.4,0.0,71.0,0.0,0.0,260.0,0.0
4.2,91.6,0.0,0.0,2.8,5.9,3.3,89.4,80.2,98.3,8.0,43.0,0.0,36.0,127.0,0.0
3.6,91.4,0.0,0.0,2.8,4.7,1.8,89.4,85.6,96.3,43.0,9.0,0.0,130.0,51.0,0.0
3.3,91.3,0.0,0.0,3.1,4.5,0.8,89.5,87.0,98.1,71.0,0.0,0.0,288.0,0.0,0.0
3.2,91.3,0.0,0.0,4.2,4.4,0.5,85.1,90.1,97.9,81.0,0.0,0.0,362.0,0.0,0.0
3.1,91.3,0.0,0.0,4.7,4.0,0.5,85.5,95.0,97.9,80.0,0.0,0.0,409.0,0.0,0.0
3.0,89.4,0.0,0.0,5.4,3.8,0.4,82.9,96.6,97.9,71.0,0.0,0.0,260.0,0.0,0.0
2.8,89.4,8.0,36.0,5.9,3.9,0.6,80.2,98.3,98.1,43.0,0.0,3.0,127.0,0.0,1.0
2.8,89.4,43.0,130.0,4.7,4.1,0.7,85.6,98.3,98.0,9.0,0.0,16.0,51.0,0.0,3.0
3.1,89.5,71.0,288.0,4.5,4.5,1.0,87.0,98.3,96.0,0.0,0.0,31.0,0.0,0.0,4.0
4.2,85.1,81.0,362.0,4.4,4.4,1.3,90.1,98.3,96.3,0.0,0.0,32.0,0.0,0.0,3.0
4.7,85.5,80.0,409.0,4.0,4.7,1.6,95.0,100.0,94.3,0.0,0.0,32.0,0.0,0.0,3.0
5.4,82.9,71.0,260.0,3.8,4.0,2.3,96.6,98.4,89.3,0.0,0.0,30.0,0.0,0.0,4.0
5.9,80.2,43.0,127.0,3.9,3.3,2.6,98.3,98.3,82.4,0.0,0.0,21.0,0.0,0.0,5.0
4.7,85.6,9.0,51.0,4.1,1.8,2.5,98.3,96.3,80.6,0.0,0.0,5.0,0.0,0.0,4.0
4.5,87.0,0.0,0.0,4.5,0.8,1.9,98.3,98.1,78.2,0.0,0.0,0.0,0.0,0.0,0.0
4.4,90.1,0.0,0.0,4.4,0.5,1.6,98.3,97.9,74.2,0.0,0.0,0.0,0.0,0.0,0.0
4.0,95.0,0.0,0.0,4.7,0.5,0.9,100.0,97.9,76.4,0.0,0.0,0.0,0.0,0.0,0.0
3.8,96.6,0.0,0.0,4.0,0.4,0.9,98.4,97.9,78.2,0.0,0.0,0.0,0.0,0.0,0.0
3.9,98.3,0.0,0.0,3.3,0.6,0.6,98.3,98.1,75.9,0.0,3.0,0.0,0.0,1.0,0.0
4.1,98.3,0.0,0.0,1.8,0.7,0.6,96.3,98.0,83.2,0.0,16.0,0.0,0.0,3.0,0.0
4.5,98.3,0.0,0.0,0.8,1.0,0.5,98.1,96.0,86.0,0.0,31.0,0.0,0.0,4.0,0.0
4.4,98.3,0.0,0.0,0.5,1.3,0.2,97.9,96.3,88.4,0.0,32.0,0.0,0.0,3.0,0.0
4.7,100.0,0.0,0.0,0.5,1.6,0.3,97.9,94.3,92.0,0.0,32.0,0.0,0.0,3.0,0.0
4.0,98.4,0.0,0.0,0.4,2.3,-0.1,97.9,89.3,91.8,0.0,30.0,0.0,0.0,4.0,0.0
3.3,98.3,0.0,0.0,0.6,2.6,-0.3,98.1,82.4,93.5,3.0,21.0,0.0,1.0,5.0,0.0
1.8,96.3,0.0,0.0,0.7,2.5,-0.4,98.0,80.6,89.5,16.0,5.0,0.0,3.0,4.0,0.0
0.8,98.1,0.0,0.0,1.0,1.9,-0.1,96.0,78.2,89.8,31.0,0.0,0.0,4.0,0.0,0.0
0.5,97.9,0.0,0.0,1.3,1.6,-0.1,96.3,74.2,89.8,32.0,0.0,0.0,3.0,0.0,0.0
0.5,97.9,0.0,0.0,1.6,0.9,-0.7,94.3,76.4,91.0,32.0,0.0,0.0,3.0,0.0,0.0
0.4,97.9,0.0,0.0,2.3,0.9,-0.5,89.3,78.2,89.3,30.0,0.0,0.0,4.0,0.0,0.0
0.6,98.1,3.0,1.0,2.6,0.6,-0.8,82.4,75.9,91.0,21.0,0.0,7.0,5.0,0.0,20.0
0.7,98.0,16.0,3.0,2.5,0.6,-0.5,80.6,83.2,89.3,5.0,0.0,41.0,4.0,0.0,113.0
1.0,96.0,31.0,4.0,1.9,0.5,0.3,78.2,86.0,88.6,0.0,0.0,66.0,0.0,0.0,429.0
1.3,96.3,32.0,3.0,1.6,0.2,1.7,74.2,88.4,83.2,0.0,0.0,68.0,0.0,0.0,611.0
1.6,94.3,32.0,3.0,0.9,0.3,2.7,76.4,92.0,82.3,0.0,0.0,68.0,0.0,0.0,611.0
2.3,89.3,30.0,4.0,0.9,-0.1,3.6,78.2,91.8,76.4,0.0,0.0,61.0,0.0,0.0,526.0
2.6,82.4,21.0,5.0,0.6,-0.3,3.7,75.9,93.5,73.2,0.0,0.0,43.0,0.0,0.0,340.0
2.5,80.6,5.0,4.0,0.6,-0.4,3.3,83.2,89.5,74.4,0.0,0.0,10.0,0.0,0.0,88.0
1.9,78.2,0.0,0.0,0.5,-0.1,2.2,86.0,89.8,80.2,0.0,0.0,0.0,0.0,0.0,0.0
1.6,74.2,0.0,0.0,0.2,-0.1,1.5,88.4,89.8,85.0,0.0,0.0,0.0,0.0,0.0,0.0
0.9,76.4,0.0,0.0,0.3,-0.7,0.9,92.0,91.0,86.5,0.0,0.0,0.0,0.0,0.0,0.0
0.9,78.2,0.0,0.0,-0.1,-0.5,0.1,91.8,89.3,88.3,0.0,0.0,0.0,0.0,0.0,0.0
0.6,75.9,0.0,0.0,-0.3,-0.8,-0.1,93.5,91.0,89.8,0.0,7.0,0.0,0.0,20.0,0.0
0.6,83.2,0.0,0.0,-0.4,-0.5,-0.3,89.5,89.3,91.6,0.0,41.0,0.0,0.0,113.0,0.0
0.5,86.0,0.0,0.0,-0.1,0.3,-0.9,89.8,88.6,90.9,0.0,66.0,0.0,0.0,429.0,0.0
0.2,88.4,0.0,0.0,-0.1,1.7,-2.0,89.8,83.2,89.2,0.0,68.0,0.0,0.0,611.0,0.0
0.3,92.0,0.0,0.0,-0.7,2.7,-1.9,91.0,82.3,94.0,0.0,68.0,0.0,0.0,611.0,0.0
-0.1,91.8,0.0,0.0,-0.5,3.6,-2.3,89.3,76.4,93.4,0.0,61.0,0.0,0.0,526.0,0.0
-0.3,93.5,0.0,0.0,-0.8,3.7,-2.7,91.0,73.2,93.0,7.0,43.0,0.0,20.0,340.0,0.0
-0.4,89.5,0.0,0.0,-0.5,3.3,-2.4,89.3,74.4,95.5,41.0,10.0,0.0,113.0,88.0,0.0
-0.1,89.8,0.0,0.0,0.3,2.2,-0.6,88.6,80.2,95.4,66.0,0.0,0.0,429.0,0.0,0.0
-0.1,89.8,0.0,0.0,1.7,1.5,0.3,83.2,85.0,94.1,68.0,0.0,0.0,611.0,0.0,0.0
-0.7,91.0,0.0,0.0,2.7,0.9,0.8,82.3,86.5,94.3,68.0,0.0,0.0,611.0,0.0,0.0
-0.5,89.3,0.0,0.0,3.6,0.1,1.4,76.4,88.3,98.1,61.0,0.0,0.0,526.0,0.0,0.0
-0.8,91.0,7.0,20.0,3.7,-0.1,2.6,73.2,89.8,98.1,43.0,0.0,2.0,340.0,0.0,1.0
-0.5,89.3,41.0,113.0,3.3,-0.3,2.7,74.4,91.6,98.2,10.0,0.0,11.0,88.0,0.0,2.0
0.3,88.6,66.0,429.0,2.2,-0.9,3.7,80.2,90.9,98.4,0.0,0.0,15.0,0.0,0.0,1.0
1.7,83.2,68.0,611.0,1.5,-2.0,6.1,85.0,89.2,86.4,0.0,0.0,25.0,0.0,0.0,2.0
2.7,82.3,68.0,611.0,0.9,-1.9,6.0,86.5,94.0,81.8,0.0,0.0,51.0,0.0,0.0,9.0
3.6,76.4,61.0,526.0,0.1,-2.3,7.5,88.3,93.4,76.0,0.0,0.0,65.0,0.0,0.0,37.0
3.7,73.2,43.0,340.0,-0.1,-2.7,7.0,89.8,93.0,75.4,0.0,0.0,38.0,0.0,0.0,28.0
3.3,74.4,10.0,88.0,-0.3,-2.4,6.4,91.6,95.5,73.3,0.0,0.0,7.0,0.0,0.0,8.0
2.2,80.2,0.0,0.0,-0.9,-0.6,5.8,90.9,95.4,74.2,0.0,0.0,0.0,0.0,0.0,0.0
1.5,85.0,0.0,0.0,-2.0,0.3,5.1,89.2,94.1,76.5,0.0,0.0,0.0,0.0,0.0,0.0
0.9,86.5,0.0,0.0,-1.9,0.8,4.9,94.0,94.3,74.7,0.0,0.0,0.0,0.0,0.0,0.0
0.1,88.3,0.0,0.0,-2.3,1.4,4.8,93.4,98.1,73.0,0.0,0.0,0.0,0.0,0.0,0.0
-0.1,89.8,0.0,0.0,-2.7,2.6,4.3,93.0,98.1,75.5,0.0,2.0,0.0,0.0,1.0,0.0
-0.3,91.6,0.0,0.0,-2.4,2.7,3.0,95.5,98.2,79.2,0.0,11.0,0.0,0.0,2.0,0.0
-0.9,90.9,0.0,0.0,-0.6,3.7,3.5,95.4,98.4,79.6,0.0,15.0,0.0,0.0,1.0,0.0
-2.0,89.2,0.0,0.0,0.3,6.1,4.2,94.1,86.4,78.7,0.0,25.0,0.0,0.0,2.0,0.0
-1.9,94.0,0.0,0.0,0.8,6.0,4.8,94.3,81.8,79.2,0.0,51.0,0.0,0.0,9.0,0.0
-2.3,93.4,0.0,0.0,1.4,7.5,4.0,98.1,76.0,90.0,0.0,65.0,0.0,0.0,37.0,0.0
-2.7,93.0,0.0,0.0,2.6,7.0,3.8,98.1,75.4,96.6,2.0,38.0,0.0,1.0,28.0,0.0
-2.4,95.5,0.0,0.0,2.7,6.4,4.6,98.2,73.3,98.5,11.0,7.0,0.0,2.0,8.0,0.0
-0.6,95.4,0.0,0.0,3.7,5.8,6.4,98.4,74.2,98.4,15.0,0.0,0.0,1.0,0.0,0.0
0.3,94.1,0.0,0.0,6.1,5.1,9.4,86.4,76.5,95.9,25.0,0.0,0.0,2.0,0.0,0.0
0.8,94.3,0.0,0.0,6.0,4.9,10.2,81.8,74.7,93.6,51.0,0.0,0.0,9.0,0.0,0.0
1.4,98.1,0.0,0.0,7.5,4.8,10.7,76.0,73.0,88.7,65.0,0.0,0.0,37.0,0.0,0.0
2.6,98.1,2.0,1.0,7.0,4.3,10.6,75.4,75.5,84.8,38.0,0.0,8.0,28.0,0.0,19.0
2.7,98.2,11.0,2.0,6.4,3.0,10.8,73.3,79.2,81.3,7.0,0.0,40.0,8.0,0.0,56.0
3.7,98.4,15.0,1.0,5.8,3.5,11.0,74.2,79.6,77.8,0.0,0.0,71.0,0.0,0.0,88.0
6.1,86.4,25.0,2.0,5.1,4.2,11.6,76.5,78.7,77.1,0.0,0.0,74.0,0.0,0.0,49.0
6.0,81.8,51.0,9.0,4.9,4.8,11.9,74.7,79.2,75.0,0.0,0.0,81.0,0.0,0.0,70.0
7.5,76.0,65.0,37.0,4.8,4.0,11.9,73.0,90.0,77.3,0.0,0.0,74.0,0.0,0.0,112.0
7.0,75.4,38.0,28.0,4.3,3.8,12.4,75.5,96.6,75.4,0.0,0.0,44.0,0.0,0.0,78.0
6.4,73.3,7.0,8.0,3.0,4.6,12.0,79.2,98.5,73.9,0.0,0.0,8.0,0.0,0.0,22.0
5.8,74.2,0.0,0.0,3.5,6.4,11.1,79.6,98.4,64.8,0.0,0.0,0.0,0.0,0.0,0.0
5.1,76.5,0.0,0.0,4.2,9.4,10.5,78.7,95.9,72.4,0.0,0.0,0.0,0.0,0.0,0.0
4.9,74.7,0.0,0.0,4.8,10.2,10.1,79.2,93.6,71.9,0.0,0.0,0.0,0.0,0.0,0.0
4.8,73.0,0.0,0.0,4.0,10.7,9.7,90.0,88.7,80.4,0.0,0.0,0.0,0.0,0.0,0.0
4.3,75.5,0.0,0.0,3.8,10.6,9.7,96.6,84.8,80.4,0.0,8.0,0.0,0.0,19.0,0.0
3.0,79.2,0.0,0.0,4.6,10.8,9.4,98.5,81.3,82.7,0.0,40.0,0.0,0.0,56.0,0.0
3.5,79.6,0.0,0.0,6.4,11.0,9.5,98.4,77.8,81.5,0.0,71.0,0.0,0.0,88.0,0.0
4.2,78.7,0.0,0.0,9.4,11.6,9.1,95.9,77.1,85.2,0.0,74.0,0.0,0.0,49.0,0.0
4.8,79.2,0.0,0.0,10.2,11.9,8.1,93.6,75.0,94.4,0.0,81.0,0.0,0.0,70.0,0.0
4.0,90.0,0.0,0.0,10.7,11.9,7.9,88.7,77.3,98.6,0.0,74.0,0.0,0.0,112.0,0.0
3.8,96.6,0.0,0.0,10.6,12.4,10.8,84.8,75.4,96.1,8.0,44.0,0.0,19.0,78.0,0.0
4.6,98.5,0.0,0.0,10.8,12.0,12.7,81.3,73.9,88.2,40.0,8.0,0.0,56.0,22.0,0.0
6.4,98.4,0.0,0.0,11.0,11.1,13.0,77.8,64.8,84.9,71.0,0.0,0.0,88.0,0.0,0.0
9.4,95.9,0.0,0.0,11.6,10.5,12.2,77.1,72.4,92.7,74.0,0.0,0.0,49.0,0.0,0.0
10.2,93.6,0.0,0.0,11.9,10.1,11.8,75.0,71.9,83.1,81.0,0.0,0.0,70.0,0.0,0.0
10.7,88.7,0.0,0.0,11.9,9.7,10.6,77.3,80.4,92.3,74.0,0.0,0.0,112.0,0.0,0.0
10.6,84.8,8.0,19.0,12.4,9.7,10.1,75.4,80.4,89.7,44.0,0.0,4.0,78.0,0.0,2.0
10.8,81.3,40.0,56.0,12.0,9.4,10.2,73.9,82.7,87.1,8.0,0.0,23.0,22.0,0.0,7.0
11.0,77.8,71.0,88.0,11.1,9.5,9.9,64.8,81.5,87.0,0.0,0.0,48.0,0.0,0.0,15.0
11.6,77.1,74.0,49.0,10.5,9.1,10.1,72.4,85.2,87.1,0.0,0.0,71.0,0.0,0.0,30.0
11.9,75.0,81.0,70.0,10.1,8.1,10.6,71.9,94.4,79.8,0.0,0.0,74.0,0.0,0.0,35.0
11.9,77.3,74.0,112.0,9.7,7.9,10.3,80.4,98.6,82.2,0.0,0.0,59.0,0.0,0.0,30.0
12.4,75.4,44.0,78.0,9.7,10.8,10.4,80.4,96.1,81.0,0.0,0.0,37.0,0.0,0.0,27.0
12.0,73.9,8.0,22.0,9.4,12.7,10.0,82.7,88.2,85.8,0.0,0.0,7.0,0.0,0.0,10.0
11.1,64.8,0.0,0.0,9.5,13.0,8.8,81.5,84.9,86.5,0.0,0.0,0.0,0.0,0.0,0.0
10.5,72.4,0.0,0.0,9.1,12.2,8.3,85.2,92.7,79.4,0.0,0.0,0.0,0.0,0.0,0.0
10.1,71.9,0.0,0.0,8.1,11.8,7.6,94.4,83.1,84.4,0.0,0.0,0.0,0.0,0.0,0.0
9.7,80.4,0.0,0.0,7.9,10.6,7.4,98.6,92.3,82.8,0.0,0.0,0.0,0.0,0.0,0.0
9.7,80.4,0.0,0.0,10.8,10.1,7.1,96.1,89.7,84.0,0.0,4.0,0.0,0.0,2.0,0.0
9.4,82.7,0.0,0.0,12.7,10.2,7.1,88.2,87.1,85.5,0.0,23.0,0.0,0.0,7.0,0.0
9.5,81.5,0.0,0.0,13.0,9.9,6.2,84.9,87.0,86.5,0.0,48.0,0.0,0.0,15.0,0.0
9.1,85.2,0.0,0.0,12.2,10.1,5.9,92.7,87.1,87.8,0.0,71.0,0.0,0.0,30.0,0.0
8.1,94.4,0.0,0.0,11.8,10.6,5.8,83.1,79.8,83.2,0.0,74.0,0.0,0.0,35.0,0.0
7.9,98.6,0.0,0.0,10.6,10.3,5.2,92.3,82.2,81.1,0.0,59.0,0.0,0.0,30.0,0.0
10.8,96.1,0.0,0.0,10.1,10.4,4.8,89.7,81.0,80.8,4.0,37.0,0.0,2.0,27.0,0.0
12.7,88.2,0.0,0.0,10.2,10.0,4.7,87.1,85.8,83.8,23.0,7.0,0.0,7.0,10.0,0.0
13.0,84.9,0.0,0.0,9.9,8.8,4.9,87.0,86.5,82.4,48.0,0.0,0.0,15.0,0.0,0.0
12.2,92.7,0.0,0.0,10.1,8.3,4.5,87.1,79.4,86.8,71.0,0.0,0.0,30.0,0.0,0.0
11.8,83.1,0.0,0.0,10.6,7.6,4.2,79.8,84.4,86.8,74.0,0.0,0.0,35.0,0.0,0.0
10.6,92.3,0.0,0.0,10.3,7.4,4.2,82.2,82.8,88.4,59.0,0.0,0.0,30.0,0.0,0.0
10.1,89.7,4.0,2.0,10.4,7.1,4.4,81.0,84.0,86.9,37.0,0.0,7.0,27.0,0.0,14.0
10.2,87.1,23.0,7.0,10.0,7.1,4.7,85.8,85.5,85.5,7.0,0.0,42.0,10.0,0.0,64.0
9.9,87.0,48.0,15.0,8.8,6.2,4.6,86.5,86.5,87.0,0.0,0.0,72.0,0.0,0.0,109.0
10.1,87.1,71.0,30.0,8.3,5.9,5.8,79.4,87.8,84.6,0.0,0.0,91.0,0.0,0.0,188.0
10.6,79.8,74.0,35.0,7.6,5.8,6.6,84.4,83.2,82.3,0.0,0.0,91.0,0.0,0.0,199.0
10.3,82.2,59.0,30.0,7.4,5.2,5.1,82.8,81.1,90.4,0.0,0.0,77.0,0.0,0.0,177.0
10.4,81.0,37.0,27.0,7.1,4.8,4.7,84.0,80.8,93.6,0.0,0.0,40.0,0.0,0.0,48.0
10.0,85.8,7.0,10.0,7.1,4.7,4.9,85.5,83.8,90.4,0.0,0.0,7.0,0.0,0.0,11.0
8.8,86.5,0.0,0.0,6.2,4.9,4.8,86.5,82.4,88.7,0.0,0.0,0.0,0.0,0.0,0.0
8.3,79.4,0.0,0.0,5.9,4.5,4.1,87.8,86.8,91.7,0.0,0.0,0.0,0.0,0.0,0.0
7.6,84.4,0.0,0.0,5.8,4.2,5.4,83.2,86.8,84.4,0.0,0.0,0.0,0.0,0.0,0.0
7.4,82.8,0.0,0.0,5.2,4.2,6.2,81.1,88.4,80.4,0.0,0.0,0.0,0.0,0.0,0.0
7.1,84.0,0.0,0.0,4.8,4.4,6.5,80.8,86.9,77.8,0.0,7.0,0.0,0.0,14.0,0.0
7.1,85.5,0.0,0.0,4.7,4.7,6.6,83.8,85.5,79.3,0.0,42.0,0.0,0.0,64.0,0.0
6.2,86.5,0.0,0.0,4.9,4.6,6.2,82.4,87.0,77.4,0.0,72.0,0.0,0.0,109.0,0.0
5.9,87.8,0.0,0.0,4.5,5.8,5.2,86.8,84.6,82.6,0.0,91.0,0.0,0.0,188.0,0.0
