Month,Hour,Day Type,Daylight Savings Status,Indoor Temperature [C],Average Unmet Cooling Setpoint Difference [C],Indoor Relative Humidity [%],Equipment Electric Power [kWh],DHW Heating [kWh],Cooling Load [kWh],Heating Load [kWh],Solar Generation [W/kW]
6,24,6,1,,,,289.0,0,0,0,0.0
7,1,7,1,,,,286.5,0,0,0,0.0
7,2,7,1,,,,282.0,0,0,0,0.0
7,3,7,1,,,,281.0,0,0,0,0.0
7,4,7,1,,,,287.5,0,0,0,41.0
7,5,7,1,,,,287.0,0,0,0,136.0
7,6,7,1,,,,293.5,0,0,0,273.0
7,7,7,1,,,,301.0,0,0,0,415.0
7,8,7,1,,,,307.5,0,0,0,495.0
7,9,7,1,,,,309.5,0,0,0,620.0
7,10,7,1,,,,307.5,0,0,0,821.0
7,11,7,1,,,,315.0,0,0,0,847.0
7,12,7,1,,,,313.5,0,0,0,787.0
7,13,7,1,,,,311.0,0,0,0,602.0
7,14,7,1,,,,306.0,0,0,0,494.0
7,15,7,1,,,,303.0,0,0,0,524.0
7,16,7,1,,,,301.5,0,0,0,452.0
7,17,7,1,,,,304.0,0,0,0,401.0
7,18,7,1,,,,309.5,0,0,0,169.0
7,19,7,1,,,,299.0,0,0,0,20.0
7,20,7,1,,,,290.5,0,0,0,0.0
7,21,7,1,,,,290.5,0,0,0,0.0
7,22,7,1,,,,284.5,0,0,0,0.0
7,23,7,1,,,,283.5,0,0,0,0.0
7,24,7,1,,,,282.5,0,0,0,0.0
7,1,1,1,,,,284.0,0,0,0,0.0
7,2,1,1,,,,284.0,0,0,0,0.0
7,3,1,1,,,,285.5,0,0,0,0.0
7,4,1,1,,,,286.5,0,0,0,120.0
7,5,1,1,,,,281.5,0,0,0,466.0
7,6,1,1,,,,281.0,0,0,0,718.0
7,7,1,1,,,,277.5,0,0,0,842.0
7,8,1,1,,,,281.0,0,0,0,880.0
7,9,1,1,,,,284.0,0,0,0,891.0
7,10,1,1,,,,287.5,0,0,0,898.0
7,11,1,1,,,,292.0,0,0,0,896.0
7,12,1,1,,,,295.5,0,0,0,887.0
7,13,1,1,,,,299.5,0,0,0,877.0
7,14,1,1,,,,298.5,0,0,0,858.0
7,15,1,1,,,,302.5,0,0,0,828.0
7,16,1,1,,,,305.0,0,0,0,777.0
7,17,1,1,,,,305.5,0,0,0,684.0
7,18,1,1,,,,299.5,0,0,0,486.0
7,19,1,1,,,,297.5,0,0,0,171.0
7,20,1,1,,,,289.0,0,0,0,0.0
7,21,1,1,,,,287.5,0,0,0,0.0
7,22,1,1,,,,280.0,0,0,0,0.0
7,23,1,1,,,,277.0,0,0,0,0.0
7,24,1,1,,,,271.5,0,0,0,0.0
7,1,2,1,,,,278.5,0,0,0,0.0
7,2,2,1,,,,280.0,0,0,0,0.0
7,3,2,1,,,,286.0,0,0,0,0.0
7,4,2,1,,,,295.5,0,0,0,178.0
7,5,2,1,,,,299.5,0,0,0,337.0
7,6,2,1,,,,312.0,0,0,0,328.0
7,7,2,1,,,,333.5,0,0,0,546.0
7,8,2,1,,,,352.0,0,0,0,629.0
7,9,2,1,,,,372.0,0,0,0,729.0
7,10,2,1,,,,363.5,0,0,0,698.0
7,11,2,1,,,,374.0,0,0,0,661.0
7,12,2,1,,,,384.5,0,0,0,605.0
7,13,2,1,,,,397.0,0,0,0,560.0
7,14,2,1,,,,401.0,0,0,0,583.0
7,15,2,1,,,,400.5,0,0,0,524.0
7,16,2,1,,,,402.0,0,0,0,481.0
7,17,2,1,,,,380.0,0,0,0,285.0
7,18,2,1,,,,369.0,0,0,0,68.0
7,19,2,1,,,,347.5,0,0,0,25.0
7,20,2,1,,,,304.0,0,0,0,0.0
7,21,2,1,,,,293.0,0,0,0,0.0
7,22,2,1,,,,289.5,0,0,0,0.0
7,23,2,1,,,,282.5,0,0,0,0.0
7,24,2,1,,,,283.5,0,0,0,0.0
7,1,3,1,,,,285.5,0,0,0,0.0
7,2,3,1,,,,284.0,0,0,0,0.0
7,3,3,1,,,,286.5,0,0,0,0.0
7,4,3,1,,,,296.0,0,0,0,31.0
7,5,3,1,,,,295.0,0,0,0,72.0
7,6,3,1,,,,306.0,0,0,0,108.0
7,7,3,1,,,,332.5,0,0,0,174.0
7,8,3,1,,,,351.0,0,0,0,298.0
7,9,3,1,,,,376.0,0,0,0,474.0
7,10,3,1,,,,400.5,0,0,0,585.0
7,11,3,1,,,,404.0,0,0,0,517.0
7,12,3,1,,,,396.5,0,0,0,339.0
7,13,3,1,,,,396.5,0,0,0,330.0
7,14,3,1,,,,412.5,0,0,0,339.0
7,15,3,1,,,,400.5,0,0,0,347.0
7,16,3,1,,,,395.0,0,0,0,302.0
7,17,3,1,,,,383.0,0,0,0,241.0
7,18,3,1,,,,369.0,0,0,0,97.0
7,19,3,1,,,,353.5,0,0,0,19.0
7,20,3,1,,,,313.5,0,0,0,0.0
7,21,3,1,,,,302.0,0,0,0,0.0
7,22,3,1,,,,298.0,0,0,0,0.0
7,23,3,1,,,,295.0,0,0,0,0.0
7,24,3,1,,,,292.5,0,0,0,0.0
7,1,4,1,,,,296.0,0,0,0,0.0
7,2,4,1,,,,295.0,0,0,0,0.0
7,3,4,1,,,,299.0,0,0,0,0.0
7,4,4,1,,,,303.5,0,0,0,235.0
7,5,4,1,,,,304.0,0,0,0,532.0
7,6,4,1,,,,318.5,0,0,0,695.0
7,7,4,1,,,,342.5,0,0,0,773.0
7,8,4,1,,,,376.0,0,0,0,818.0
7,9,4,1,,,,386.5,0,0,0,822.0
7,10,4,1,,,,405.5,0,0,0,833.0
7,11,4,1,,,,406.5,0,0,0,829.0
7,12,4,1,,,,409.5,0,0,0,829.0
7,13,4,1,,,,412.5,0,0,0,804.0
7,14,4,1,,,,406.0,0,0,0,779.0
7,15,4,1,,,,401.5,0,0,0,744.0
7,16,4,1,,,,396.5,0,0,0,696.0
7,17,4,1,,,,408.5,0,0,0,561.0
7,18,4,1,,,,382.0,0,0,0,414.0
7,19,4,1,,,,350.5,0,0,0,149.0
7,20,4,1,,,,307.5,0,0,0,0.0
7,21,4,1,,,,291.0,0,0,0,0.0
7,22,4,1,,,,292.5,0,0,0,0.0
7,23,4,1,,,,290.0,0,0,0,0.0
7,24,4,1,,,,285.5,0,0,0,0.0
7,1,5,1,,,,290.5,0,0,0,0.0
7,2,5,1,,,,292.0,0,0,0,0.0
7,3,5,1,,,,292.5,0,0,0,0.0
7,4,5,1,,,,303.0,0,0,0,183.0
7,5,5,1,,,,304.0,0,0,0,400.0
7,6,5,1,,,,315.5,0,0,0,393.0
7,7,5,1,,,,347.0,0,0,0,394.0
7,8,5,1,,,,398.0,0,0,0,500.0
7,9,5,1,,,,424.0,0,0,0,592.0
7,10,5,1,,,,411.5,0,0,0,631.0
7,11,5,1,,,,401.0,0,0,0,652.0
7,12,5,1,,,,420.0,0,0,0,674.0
7,13,5,1,,,,420.0,0,0,0,674.0
7,14,5,1,,,,414.0,0,0,0,663.0
7,15,5,1,,,,419.5,0,0,0,609.0
7,16,5,1,,,,423.5,0,0,0,478.0
7,17,5,1,,,,395.0,0,0,0,166.0
7,18,5,1,,,,382.5,0,0,0,45.0
7,19,5,1,,,,367.5,0,0,0,7.0
7,20,5,1,,,,326.0,0,0,0,0.0
7,21,5,1,,,,313.0,0,0,0,0.0
7,22,5,1,,,,299.0,0,0,0,0.0
7,23,5,1,,,,299.0,0,0,0,0.0
7,24,5,1,,,,297.0,0,0,0,0.0
7,1,6,1,,,,306.5,0,0,0,0.0
7,2,6,1,,,,306.0,0,0,0,0.0
7,3,6,1,,,,310.5,0,0,0,0.0
7,4,6,1,,,,319.0,0,0,0,187.0
7,5,6,1,,,,320.0,0,0,0,483.0
7,6,6,1,,,,338.5,0,0,0,628.0
7,7,6,1,,,,364.0,0,0,0,590.0
7,8,6,1,,,,393.5,0,0,0,582.0
7,9,6,1,,,,400.0,0,0,0,804.0
7,10,6,1,,,,401.5,0,0,0,818.0
7,11,6,1,,,,411.0,0,0,0,793.0
7,12,6,1,,,,405.0,0,0,0,807.0
7,13,6,1,,,,412.5,0,0,0,808.0
7,14,6,1,,,,405.5,0,0,0,771.0
7,15,6,1,,,,414.0,0,0,0,651.0
7,16,6,1,,,,392.0,0,0,0,365.0
7,17,6,1,,,,394.5,0,0,0,173.0
7,18,6,1,,,,370.0,0,0,0,58.0
7,19,6,1,,,,350.0,0,0,0,9.0
7,20,6,1,,,,313.5,0,0,0,0.0
7,21,6,1,,,,291.0,0,0,0,0.0
7,22,6,1,,,,293.0,0,0,0,0.0
7,23,6,1,,,,293.0,0,0,0,0.0
7,24,6,1,,,,293.5,0,0,0,0.0
7,1,7,1,,,,294.0,0,0,0,0.0
7,2,7,1,,,,293.5,0,0,0,0.0
7,3,7,1,,,,291.5,0,0,0,0.0
7,4,7,1,,,,292.5,0,0,0,46.0
7,5,7,1,,,,290.5,0,0,0,234.0
7,6,7,1,,,,299.5,0,0,0,548.0
7,7,7,1,,,,307.5,0,0,0,723.0
7,8,7,1,,,,306.5,0,0,0,760.0
7,9,7,1,,,,310.0,0,0,0,776.0
7,10,7,1,,,,317.0,0,0,0,795.0
7,11,7,1,,,,337.0,0,0,0,792.0
7,12,7,1,,,,318.5,0,0,0,785.0
7,13,7,1,,,,311.5,0,0,0,796.0
7,14,7,1,,,,309.5,0,0,0,806.0
7,15,7,1,,,,310.5,0,0,0,799.0
7,16,7,1,,,,322.5,0,0,0,737.0
7,17,7,1,,,,323.0,0,0,0,553.0
7,18,7,1,,,,308.5,0,0,0,310.0
7,19,7,1,,,,297.5,0,0,0,78.0
7,20,7,1,,,,284.5,0,0,0,0.0
7,21,7,1,,,,280.0,0,0,0,0.0
7,22,7,1,,,,280.0,0,0,0,0.0
7,23,7,1,,,,276.0,0,0,0,0.0
7,24,7,1,,,,275.0,0,0,0,0.0
7,1,1,1,,,,279.5,0,0,0,0.0
7,2,1,1,,,,283.5,0,0,0,0.0
7,3,1,1,,,,283.5,0,0,0,0.0
7,4,1,1,,,,289.0,0,0,0,124.0
7,5,1,1,,,,287.0,0,0,0,340.0
7,6,1,1,,,,286.0,0,0,0,528.0
7,7,1,1,,,,293.0,0,0,0,635.0
7,8,1,1,,,,298.5,0,0,0,728.0
7,9,1,1,,,,301.5,0,0,0,772.0
7,10,1,1,,,,323.0,0,0,0,727.0
7,11,1,1,,,,331.0,0,0,0,483.0
7,12,1,1,,,,334.5,0,0,0,363.0
7,13,1,1,,,,334.0,0,0,0,446.0
7,14,1,1,,,,334.5,0,0,0,512.0
7,15,1,1,,,,332.5,0,0,0,293.0
7,16,1,1,,,,332.5,0,0,0,207.0
7,17,1,1,,,,329.5,0,0,0,142.0
7,18,1,1,,,,327.0,0,0,0,73.0
7,19,1,1,,,,324.5,0,0,0,15.0
7,20,1,1,,,,302.5,0,0,0,0.0
7,21,1,1,,,,288.5,0,0,0,0.0
7,22,1,1,,,,287.5,0,0,0,0.0
7,23,1,1,,,,287.0,0,0,0,0.0
7,24,1,1,,,,281.0,0,0,0,0.0
7,1,2,1,,,,285.0,0,0,0,0.0
7,2,2,1,,,,286.5,0,0,0,0.0
7,3,2,1,,,,294.0,0,0,0,0.0
7,4,2,1,,,,300.0,0,0,0,58.0
7,5,2,1,,,,306.5,0,0,0,202.0
7,6,2,1,,,,324.5,0,0,0,387.0
7,7,2,1,,,,328.5,0,0,0,598.0
7,8,2,1,,,,369.0,0,0,0,705.0
7,9,2,1,,,,406.0,0,0,0,763.0
7,10,2,1,,,,406.0,0,0,0,782.0
7,11,2,1,,,,406.0,0,0,0,783.0
7,12,2,1,,,,419.5,0,0,0,789.0
7,13,2,1,,,,406.0,0,0,0,765.0
7,14,2,1,,,,420.0,0,0,0,600.0
7,15,2,1,,,,436.5,0,0,0,480.0
7,16,2,1,,,,402.0,0,0,0,241.0
7,17,2,1,,,,386.0,0,0,0,165.0
7,18,2,1,,,,375.0,0,0,0,128.0
7,19,2,1,,,,370.0,0,0,0,45.0
7,20,2,1,,,,315.0,0,0,0,0.0
7,21,2,1,,,,300.0,0,0,0,0.0
7,22,2,1,,,,295.5,0,0,0,0.0
7,23,2,1,,,,290.0,0,0,0,0.0
7,24,2,1,,,,287.0,0,0,0,0.0
7,1,3,1,,,,286.5,0,0,0,0.0
7,2,3,1,,,,286.5,0,0,0,0.0
7,3,3,1,,,,289.0,0,0,0,0.0
7,4,3,1,,,,299.0,0,0,0,70.0
7,5,3,1,,,,302.5,0,0,0,163.0
7,6,3,1,,,,313.5,0,0,0,185.0
7,7,3,1,,,,329.0,0,0,0,252.0
7,8,3,1,,,,357.0,0,0,0,318.0
7,9,3,1,,,,402.0,0,0,0,456.0
7,10,3,1,,,,368.0,0,0,0,471.0
7,11,3,1,,,,369.5,0,0,0,340.0
7,12,3,1,,,,378.0,0,0,0,329.0
7,13,3,1,,,,376.0,0,0,0,433.0
7,14,3,1,,,,382.5,0,0,0,452.0
7,15,3,1,,,,388.0,0,0,0,294.0
7,16,3,1,,,,378.0,0,0,0,210.0
7,17,3,1,,,,370.0,0,0,0,112.0
7,18,3,1,,,,350.0,0,0,0,51.0
7,19,3,1,,,,330.0,0,0,0,11.0
7,20,3,1,,,,311.5,0,0,0,0.0
7,21,3,1,,,,305.0,0,0,0,0.0
7,22,3,1,,,,303.0,0,0,0,0.0
7,23,3,1,,,,298.5,0,0,0,0.0
7,24,3,1,,,,298.0,0,0,0,0.0
7,1,4,1,,,,303.0,0,0,0,0.0
7,2,4,1,,,,301.5,0,0,0,0.0
7,3,4,1,,,,305.5,0,0,0,0.0
7,4,4,1,,,,312.5,0,0,0,160.0
7,5,4,1,,,,321.5,0,0,0,436.0
7,6,4,1,,,,327.5,0,0,0,560.0
7,7,4,1,,,,343.5,0,0,0,680.0
7,8,4,1,,,,359.5,0,0,0,763.0
7,9,4,1,,,,376.5,0,0,0,833.0
7,10,4,1,,,,383.0,0,0,0,872.0
7,11,4,1,,,,373.0,0,0,0,887.0
7,12,4,1,,,,386.5,0,0,0,890.0
7,13,4,1,,,,400.0,0,0,0,884.0
7,14,4,1,,,,390.5,0,0,0,867.0
7,15,4,1,,,,408.5,0,0,0,836.0
7,16,4,1,,,,391.0,0,0,0,757.0
7,17,4,1,,,,368.5,0,0,0,646.0
7,18,4,1,,,,339.0,0,0,0,402.0
7,19,4,1,,,,320.0,0,0,0,146.0
7,20,4,1,,,,298.5,0,0,0,0.0
7,21,4,1,,,,289.0,0,0,0,0.0
7,22,4,1,,,,287.0,0,0,0,0.0
7,23,4,1,,,,285.5,0,0,0,0.0
7,24,4,1,,,,287.5,0,0,0,0.0
7,1,5,1,,,,294.5,0,0,0,0.0
7,2,5,1,,,,290.0,0,0,0,0.0
7,3,5,1,,,,295.0,0,0,0,0.0
7,4,5,1,,,,305.0,0,0,0,37.0
7,5,5,1,,,,306.5,0,0,0,186.0
7,6,5,1,,,,316.5,0,0,0,555.0
7,7,5,1,,,,337.5,0,0,0,622.0
7,8,5,1,,,,375.5,0,0,0,770.0
7,9,5,1,,,,396.5,0,0,0,711.0
7,10,5,1,,,,372.0,0,0,0,578.0
7,11,5,1,,,,369.0,0,0,0,484.0
7,12,5,1,,,,372.0,0,0,0,349.0
7,13,5,1,,,,385.0,0,0,0,342.0
7,14,5,1,,,,388.5,0,0,0,414.0
7,15,5,1,,,,389.0,0,0,0,361.0
7,16,5,1,,,,379.0,0,0,0,347.0
7,17,5,1,,,,368.0,0,0,0,297.0
7,18,5,1,,,,361.0,0,0,0,152.0
7,19,5,1,,,,327.5,0,0,0,24.0
7,20,5,1,,,,301.5,0,0,0,0.0
7,21,5,1,,,,287.0,0,0,0,0.0
7,22,5,1,,,,290.0,0,0,0,0.0
7,23,5,1,,,,288.5,0,0,0,0.0
7,24,5,1,,,,285.0,0,0,0,0.0
7,1,6,1,,,,288.0,0,0,0,0.0
7,2,6,1,,,,289.0,0,0,0,0.0
7,3,6,1,,,,290.5,0,0,0,0.0
7,4,6,1,,,,302.0,0,0,0,81.0
7,5,6,1,,,,307.5,0,0,0,122.0
7,6,6,1,,,,313.0,0,0,0,151.0
7,7,6,1,,,,333.5,0,0,0,316.0
7,8,6,1,,,,357.0,0,0,0,627.0
7,9,6,1,,,,362.0,0,0,0,801.0
7,10,6,1,,,,368.0,0,0,0,848.0
7,11,6,1,,,,366.0,0,0,0,844.0
7,12,6,1,,,,394.5,0,0,0,749.0
7,13,6,1,,,,378.0,0,0,0,585.0
7,14,6,1,,,,369.5,0,0,0,570.0
7,15,6,1,,,,380.0,0,0,0,481.0
7,16,6,1,,,,365.0,0,0,0,216.0
7,17,6,1,,,,345.0,0,0,0,99.0
7,18,6,1,,,,346.0,0,0,0,48.0
7,19,6,1,,,,319.0,0,0,0,24.0
7,20,6,1,,,,290.0,0,0,0,0.0
7,21,6,1,,,,285.5,0,0,0,0.0
7,22,6,1,,,,282.5,0,0,0,0.0
7,23,6,1,,,,280.5,0,0,0,0.0
7,24,6,1,,,,279.0,0,0,0,0.0
7,1,7,1,,,,285.0,0,0,0,0.0
7,2,7,1,,,,283.5,0,0,0,0.0
7,3,7,1,,,,284.5,0,0,0,0.0
7,4,7,1,,,,281.0,0,0,0,8.0
7,5,7,1,,,,283.5,0,0,0,48.0
7,6,7,1,,,,295.0,0,0,0,86.0
7,7,7,1,,,,301.0,0,0,0,142.0
7,8,7,1,,,,309.5,0,0,0,220.0
7,9,7,1,,,,310.0,0,0,0,252.0
7,10,7,1,,,,311.5,0,0,0,354.0
7,11,7,1,,,,313.5,0,0,0,386.0
7,12,7,1,,,,305.5,0,0,0,360.0
7,13,7,1,,,,306.5,0,0,0,407.0
7,14,7,1,,,,303.5,0,0,0,424.0
7,15,7,1,,,,299.0,0,0,0,329.0
7,16,7,1,,,,315.5,0,0,0,295.0
7,17,7,1,,,,314.5,0,0,0,225.0
7,18,7,1,,,,314.0,0,0,0,152.0
7,19,7,1,,,,312.5,0,0,0,45.0
7,20,7,1,,,,301.0,0,0,0,0.0
7,21,7,1,,,,297.5,0,0,0,0.0
7,22,7,1,,,,297.0,0,0,0,0.0
7,23,7,1,,,,298.5,0,0,0,0.0
7,24,7,1,,,,295.5,0,0,0,0.0
7,1,1,1,,,,302.0,0,0,0,0.0
7,2,1,1,,,,305.5,0,0,0,0.0
7,3,1,1,,,,301.0,0,0,0,0.0
7,4,1,1,,,,302.5,0,0,0,185.0
7,5,1,1,,,,305.0,0,0,0,491.0
7,6,1,1,,,,302.0,0,0,0,647.0
7,7,1,1,,,,306.5,0,0,0,671.0
7,8,1,1,,,,313.0,0,0,0,650.0
7,9,1,1,,,,318.5,0,0,0,605.0
7,10,1,1,,,,320.5,0,0,0,631.0
7,11,1,1,,,,320.0,0,0,0,624.0
7,12,1,1,,,,341.0,0,0,0,598.0
7,13,1,1,,,,341.0,0,0,0,542.0
7,14,1,1,,,,338.0,0,0,0,502.0
7,15,1,1,,,,338.0,0,0,0,411.0
7,16,1,1,,,,339.0,0,0,0,319.0
7,17,1,1,,,,341.0,0,0,0,214.0
7,18,1,1,,,,332.0,0,0,0,95.0
7,19,1,1,,,,318.0,0,0,0,14.0
7,20,1,1,,,,314.0,0,0,0,0.0
7,21,1,1,,,,307.5,0,0,0,0.0
7,22,1,1,,,,306.5,0,0,0,0.0
7,23,1,1,,,,301.5,0,0,0,0.0
7,24,1,1,,,,293.5,0,0,0,0.0
7,1,2,1,,,,292.0,0,0,0,0.0
7,2,2,1,,,,289.0,0,0,0,0.0
7,3,2,1,,,,294.5,0,0,0,0.0
7,4,2,1,,,,302.0,0,0,0,127.0
7,5,2,1,,,,307.5,0,0,0,323.0
7,6,2,1,,,,315.0,0,0,0,553.0
7,7,2,1,,,,335.5,0,0,0,710.0
7,8,2,1,,,,355.0,0,0,0,768.0
7,9,2,1,,,,364.0,0,0,0,771.0
7,10,2,1,,,,375.5,0,0,0,776.0
7,11,2,1,,,,388.5,0,0,0,803.0
7,12,2,1,,,,418.0,0,0,0,821.0
7,13,2,1,,,,411.5,0,0,0,809.0
7,14,2,1,,,,410.0,0,0,0,761.0
7,15,2,1,,,,405.5,0,0,0,677.0
7,16,2,1,,,,402.0,0,0,0,536.0
7,17,2,1,,,,395.5,0,0,0,291.0
7,18,2,1,,,,394.0,0,0,0,89.0
7,19,2,1,,,,362.0,0,0,0,12.0
7,20,2,1,,,,317.5,0,0,0,0.0
7,21,2,1,,,,305.0,0,0,0,0.0
7,22,2,1,,,,301.5,0,0,0,0.0
7,23,2,1,,,,298.0,0,0,0,0.0
7,24,2,1,,,,298.0,0,0,0,0.0
7,1,3,1,,,,301.5,0,0,0,0.0
7,2,3,1,,,,302.5,0,0,0,0.0
7,3,3,1,,,,305.0,0,0,0,0.0
7,4,3,1,,,,312.0,0,0,0,61.0
7,5,3,1,,,,314.0,0,0,0,193.0
7,6,3,1,,,,322.5,0,0,0,352.0
7,7,3,1,,,,343.0,0,0,0,468.0
7,8,3,1,,,,364.5,0,0,0,542.0
7,9,3,1,,,,388.0,0,0,0,582.0
7,10,3,1,,,,402.0,0,0,0,632.0
7,11,3,1,,,,408.5,0,0,0,679.0
7,12,3,1,,,,412.5,0,0,0,706.0
7,13,3,1,,,,423.5,0,0,0,717.0
7,14,3,1,,,,438.5,0,0,0,670.0
7,15,3,1,,,,421.5,0,0,0,552.0
7,16,3,1,,,,412.5,0,0,0,402.0
7,17,3,1,,,,409.0,0,0,0,273.0
7,18,3,1,,,,375.0,0,0,0,119.0
7,19,3,1,,,,355.5,0,0,0,20.0
7,20,3,1,,,,318.5,0,0,0,0.0
7,21,3,1,,,,302.5,0,0,0,0.0
7,22,3,1,,,,301.0,0,0,0,0.0
7,23,3,1,,,,299.0,0,0,0,0.0
7,24,3,1,,,,303.0,0,0,0,0.0
7,1,4,1,,,,309.0,0,0,0,0.0
7,2,4,1,,,,311.5,0,0,0,0.0
7,3,4,1,,,,314.5,0,0,0,0.0
7,4,4,1,,,,328.5,0,0,0,18.0
7,5,4,1,,,,336.0,0,0,0,171.0
7,6,4,1,,,,345.0,0,0,0,459.0
7,7,4,1,,,,379.0,0,0,0,689.0
7,8,4,1,,,,393.5,0,0,0,733.0
7,9,4,1,,,,423.0,0,0,0,716.0
7,10,4,1,,,,425.0,0,0,0,713.0
7,11,4,1,,,,427.5,0,0,0,695.0
7,12,4,1,,,,428.5,0,0,0,756.0
7,13,4,1,,,,435.0,0,0,0,713.0
7,14,4,1,,,,455.5,0,0,0,496.0
7,15,4,1,,,,433.0,0,0,0,256.0
7,16,4,1,,,,416.5,0,0,0,212.0
7,17,4,1,,,,405.0,0,0,0,207.0
7,18,4,1,,,,392.0,0,0,0,156.0
7,19,4,1,,,,373.0,0,0,0,47.0
7,20,4,1,,,,331.0,0,0,0,0.0
7,21,4,1,,,,318.0,0,0,0,0.0
7,22,4,1,,,,315.5,0,0,0,0.0
7,23,4,1,,,,311.5,0,0,0,0.0
7,24,4,1,,,,310.5,0,0,0,0.0
7,1,5,1,,,,312.5,0,0,0,0.0
7,2,5,1,,,,314.0,0,0,0,0.0
7,3,5,1,,,,317.0,0,0,0,0.0
7,4,5,1,,,,324.5,0,0,0,54.0
7,5,5,1,,,,333.0,0,0,0,211.0
7,6,5,1,,,,343.0,0,0,0,391.0
7,7,5,1,,,,370.0,0,0,0,482.0
7,8,5,1,,,,392.5,0,0,0,510.0
7,9,5,1,,,,427.5,0,0,0,431.0
7,10,5,1,,,,430.5,0,0,0,314.0
7,11,5,1,,,,395.0,0,0,0,305.0
7,12,5,1,,,,375.5,0,0,0,430.0
7,13,5,1,,,,384.0,0,0,0,575.0
7,14,5,1,,,,389.5,0,0,0,688.0
7,15,5,1,,,,375.5,0,0,0,753.0
7,16,5,1,,,,377.0,0,0,0,717.0
7,17,5,1,,,,366.5,0,0,0,538.0
7,18,5,1,,,,338.0,0,0,0,301.0
7,19,5,1,,,,327.5,0,0,0,78.0
7,20,5,1,,,,294.5,0,0,0,0.0
7,21,5,1,,,,286.5,0,0,0,0.0
7,22,5,1,,,,283.5,0,0,0,0.0
7,23,5,1,,,,283.5,0,0,0,0.0
7,24,5,1,,,,281.0,0,0,0,0.0
7,1,6,1,,,,280.0,0,0,0,0.0
7,2,6,1,,,,289.0,0,0,0,0.0
7,3,6,1,,,,292.0,0,0,0,0.0
7,4,6,1,,,,299.5,0,0,0,66.0
7,5,6,1,,,,311.0,0,0,0,203.0
7,6,6,1,,,,317.0,0,0,0,423.0
7,7,6,1,,,,337.5,0,0,0,590.0
7,8,6,1,,,,350.5,0,0,0,667.0
7,9,6,1,,,,367.0,0,0,0,681.0
7,10,6,1,,,,373.0,0,0,0,674.0
7,11,6,1,,,,375.5,0,0,0,670.0
7,12,6,1,,,,368.5,0,0,0,689.0
7,13,6,1,,,,374.5,0,0,0,685.0
7,14,6,1,,,,380.0,0,0,0,628.0
7,15,6,1,,,,377.0,0,0,0,550.0
7,16,6,1,,,,382.5,0,0,0,526.0
7,17,6,1,,,,369.5,0,0,0,510.0
7,18,6,1,,,,360.0,0,0,0,322.0
7,19,6,1,,,,321.5,0,0,0,75.0
7,20,6,1,,,,292.0,0,0,0,0.0
7,21,6,1,,,,290.5,0,0,0,0.0
7,22,6,1,,,,290.0,0,0,0,0.0
7,23,6,1,,,,281.0,0,0,0,0.0
7,24,6,1,,,,284.5,0,0,0,0.0
7,1,7,1,,,,283.5,0,0,0,0.0
7,2,7,1,,,,290.5,0,0,0,0.0
7,3,7,1,,,,288.0,0,0,0,0.0
7,4,7,1,,,,289.0,0,0,0,14.0
7,5,7,1,,,,287.5,0,0,0,135.0
7,6,7,1,,,,297.5,0,0,0,341.0
7,7,7,1,,,,302.0,0,0,0,453.0
7,8,7,1,,,,308.5,0,0,0,317.0
7,9,7,1,,,,313.0,0,0,0,368.0
7,10,7,1,,,,319.5,0,0,0,568.0
7,11,7,1,,,,321.5,0,0,0,616.0
7,12,7,1,,,,309.5,0,0,0,645.0
7,13,7,1,,,,305.5,0,0,0,518.0
7,14,7,1,,,,301.0,0,0,0,345.0
7,15,7,1,,,,296.0,0,0,0,239.0
7,16,7,1,,,,291.0,0,0,0,164.0
7,17,7,1,,,,291.0,0,0,0,121.0
7,18,7,1,,,,290.5,0,0,0,67.0
7,19,7,1,,,,288.5,0,0,0,11.0
7,20,7,1,,,,284.5,0,0,0,0.0
7,21,7,1,,,,282.0,0,0,0,0.0
7,22,7,1,,,,278.0,0,0,0,0.0
7,23,7,1,,,,280.0,0,0,0,0.0
7,24,7,1,,,,283.5,0,0,0,0.0
7,1,1,1,,,,288.0,0,0,0,0.0
7,2,1,1,,,,286.5,0,0,0,0.0
7,3,1,1,,,,287.5,0,0,0,0.0
7,4,1,1,,,,290.0,0,0,0,23.0
7,5,1,1,,,,285.5,0,0,0,58.0
7,6,1,1,,,,288.0,0,0,0,102.0
7,7,1,1,,,,284.5,0,0,0,202.0
7,8,1,1,,,,287.0,0,0,0,278.0
7,9,1,1,,,,291.5,0,0,0,391.0
7,10,1,1,,,,286.5,0,0,0,542.0
7,11,1,1,,,,291.5,0,0,0,500.0
7,12,1,1,,,,291.5,0,0,0,309.0
7,13,1,1,,,,291.0,0,0,0,330.0
7,14,1,1,,,,295.0,0,0,0,281.0
7,15,1,1,,,,298.0,0,0,0,299.0
7,16,1,1,,,,305.0,0,0,0,282.0
7,17,1,1,,,,303.5,0,0,0,177.0
7,18,1,1,,,,300.0,0,0,0,90.0
7,19,1,1,,,,289.5,0,0,0,18.0
7,20,1,1,,,,291.5,0,0,0,0.0
7,21,1,1,,,,286.5,0,0,0,0.0
7,22,1,1,,,,289.5,0,0,0,0.0
7,23,1,1,,,,294.0,0,0,0,0.0
7,24,1,1,,,,288.5,0,0,0,0.0
7,1,2,1,,,,301.0,0,0,0,0.0
7,2,2,1,,,,298.5,0,0,0,0.0
7,3,2,1,,,,300.0,0,0,0,0.0
7,4,2,1,,,,306.0,0,0,0,23.0
7,5,2,1,,,,314.0,0,0,0,145.0
7,6,2,1,,,,323.0,0,0,0,301.0
7,7,2,1,,,,344.5,0,0,0,497.0
7,8,2,1,,,,350.5,0,0,0,586.0
7,9,2,1,,,,367.5,0,0,0,557.0
7,10,2,1,,,,373.5,0,0,0,495.0
7,11,2,1,,,,382.5,0,0,0,380.0
7,12,2,1,,,,376.5,0,0,0,319.0
7,13,2,1,,,,383.5,0,0,0,318.0
7,14,2,1,,,,389.0,0,0,0,277.0
7,15,2,1,,,,380.5,0,0,0,221.0
7,16,2,1,,,,366.5,0,0,0,160.0
7,17,2,1,,,,364.0,0,0,0,96.0
7,18,2,1,,,,352.5,0,0,0,32.0
7,19,2,1,,,,339.5,0,0,0,2.0
7,20,2,1,,,,322.0,0,0,0,0.0
7,21,2,1,,,,309.5,0,0,0,0.0
7,22,2,1,,,,306.5,0,0,0,0.0
7,23,2,1,,,,307.0,0,0,0,0.0
7,24,2,1,,,,299.5,0,0,0,0.0
7,1,3,1,,,,301.5,0,0,0,0.0
7,2,3,1,,,,298.0,0,0,0,0.0
7,3,3,1,,,,301.5,0,0,0,0.0
7,4,3,1,,,,308.0,0,0,0,121.0
7,5,3,1,,,,310.0,0,0,0,422.0
7,6,3,1,,,,330.0,0,0,0,604.0
7,7,3,1,,,,336.5,0,0,0,620.0
7,8,3,1,,,,353.0,0,0,0,568.0
7,9,3,1,,,,373.5,0,0,0,629.0
7,10,3,1,,,,380.0,0,0,0,644.0
7,11,3,1,,,,371.0,0,0,0,714.0
7,12,3,1,,,,373.5,0,0,0,746.0
7,13,3,1,,,,382.5,0,0,0,766.0
7,14,3,1,,,,396.0,0,0,0,770.0
7,15,3,1,,,,405.5,0,0,0,735.0
7,16,3,1,,,,393.5,0,0,0,646.0
7,17,3,1,,,,383.0,0,0,0,320.0
7,18,3,1,,,,368.0,0,0,0,120.0
7,19,3,1,,,,334.0,0,0,0,32.0
7,20,3,1,,,,309.0,0,0,0,0.0
7,21,3,1,,,,298.0,0,0,0,0.0
7,22,3,1,,,,298.0,0,0,0,0.0
7,23,3,1,,,,293.5,0,0,0,0.0
7,24,3,1,,,,293.5,0,0,0,0.0
7,1,4,1,,,,299.0,0,0,0,0.0
7,2,4,1,,,,297.5,0,0,0,0.0
7,3,4,1,,,,297.5,0,0,0,0.0
7,4,4,1,,,,304.5,0,0,0,62.0
7,5,4,1,,,,308.5,0,0,0,152.0
7,6,4,1,,,,326.0,0,0,0,124.0
7,7,4,1,,,,337.5,0,0,0,115.0
7,8,4,1,,,,366.0,0,0,0,134.0
7,9,4,1,,,,369.5,0,0,0,201.0
7,10,4,1,,,,365.0,0,0,0,312.0
7,11,4,1,,,,375.5,0,0,0,318.0
7,12,4,1,,,,379.0,0,0,0,402.0
7,13,4,1,,,,391.0,0,0,0,416.0
7,14,4,1,,,,409.0,0,0,0,251.0
7,15,4,1,,,,408.0,0,0,0,336.0
7,16,4,1,,,,400.0,0,0,0,332.0
7,17,4,1,,,,389.5,0,0,0,77.0
7,18,4,1,,,,370.0,0,0,0,26.0
7,19,4,1,,,,336.0,0,0,0,5.0
7,20,4,1,,,,314.0,0,0,0,0.0
7,21,4,1,,,,302.5,0,0,0,0.0
7,22,4,1,,,,298.0,0,0,0,0.0
7,23,4,1,,,,295.0,0,0,0,0.0
7,24,4,1,,,,294.5,0,0,0,0.0
7,1,5,1,,,,285.5,0,0,0,0.0
7,2,5,1,,,,286.5,0,0,0,0.0
7,3,5,1,,,,288.5,0,0,0,0.0
7,4,5,1,,,,301.5,0,0,0,74.0
7,5,5,1,,,,308.0,0,0,0,97.0
7,6,5,1,,,,322.5,0,0,0,200.0
7,7,5,1,,,,333.5,0,0,0,427.0
7,8,5,1,,,,342.0,0,0,0,656.0
7,9,5,1,,,,357.5,0,0,0,731.0
7,10,5,1,,,,359.5,0,0,0,731.0
7,11,5,1,,,,360.0,0,0,0,685.0
7,12,5,1,,,,361.5,0,0,0,610.0
7,13,5,1,,,,364.0,0,0,0,493.0
7,14,5,1,,,,364.5,0,0,0,299.0
7,15,5,1,,,,360.5,0,0,0,282.0
7,16,5,1,,,,377.5,0,0,0,356.0
7,17,5,1,,,,353.0,0,0,0,330.0
7,18,5,1,,,,340.0,0,0,0,199.0
7,19,5,1,,,,321.0,0,0,0,45.0
7,20,5,1,,,,295.5,0,0,0,0.0
7,21,5,1,,,,289.5,0,0,0,0.0
7,22,5,1,,,,286.0,0,0,0,0.0
7,23,5,1,,,,282.5,0,0,0,0.0
7,24,5,1,,,,280.5,0,0,0,0.0
7,1,6,1,,,,286.0,0,0,0,0.0
7,2,6,1,,,,286.5,0,0,0,0.0
7,3,6,1,,,,288.0,0,0,0,0.0
7,4,6,1,,,,299.0,0,0,0,47.0
7,5,6,1,,,,299.0,0,0,0,184.0
7,6,6,1,,,,315.0,0,0,0,583.0
7,7,6,1,,,,325.5,0,0,0,741.0
7,8,6,1,,,,350.0,0,0,0,672.0
7,9,6,1,,,,363.0,0,0,0,758.0
7,10,6,1,,,,363.0,0,0,0,795.0
7,11,6,1,,,,377.5,0,0,0,803.0
7,12,6,1,,,,378.5,0,0,0,812.0
7,13,6,1,,,,365.0,0,0,0,683.0
7,14,6,1,,,,361.0,0,0,0,436.0
7,15,6,1,,,,360.0,0,0,0,327.0
7,16,6,1,,,,363.0,0,0,0,193.0
7,17,6,1,,,,344.5,0,0,0,87.0
7,18,6,1,,,,327.0,0,0,0,33.0
7,19,6,1,,,,313.5,0,0,0,2.0
7,20,6,1,,,,295.5,0,0,0,0.0
7,21,6,1,,,,292.5,0,0,0,0.0
7,22,6,1,,,,296.5,0,0,0,0.0
7,23,6,1,,,,295.5,0,0,0,0.0
7,24,6,1,,,,295.5,0,0,0,0.0
7,1,7,1,,,,301.5,0,0,0,0.0
7,2,7,1,,,,301.0,0,0,0,0.0
7,3,7,1,,,,298.0,0,0,0,0.0
7,4,7,1,,,,295.0,0,0,0,67.0
7,5,7,1,,,,295.0,0,0,0,444.0
7,6,7,1,,,,301.5,0,0,0,681.0
7,7,7,1,,,,310.0,0,0,0,731.0
7,8,7,1,,,,315.0,0,0,0,790.0
7,9,7,1,,,,319.5,0,0,0,839.0
7,10,7,1,,,,319.0,0,0,0,733.0
7,11,7,1,,,,318.5,0,0,0,329.0
7,12,7,1,,,,311.5,0,0,0,312.0
7,13,7,1,,,,309.5,0,0,0,347.0
7,14,7,1,,,,302.5,0,0,0,296.0
7,15,7,1,,,,298.5,0,0,0,198.0
7,16,7,1,,,,296.5,0,0,0,128.0
7,17,7,1,,,,299.5,0,0,0,46.0
7,18,7,1,,,,295.5,0,0,0,7.0
7,19,7,1,,,,298.0,0,0,0,0.0
7,20,7,1,,,,292.0,0,0,0,0.0
7,21,7,1,,,,295.5,0,0,0,0.0
7,22,7,1,,,,295.0,0,0,0,0.0
7,23,7,1,,,,294.5,0,0,0,0.0
7,24,7,1,,,,295.5,0,0,0,0.0
7,1,1,1,,,,295.5,0,0,0,0.0
7,2,1,1,,,,298.0,0,0,0,0.0
7,3,1,1,,,,303.5,0,0,0,0.0
7,4,1,1,,,,303.0,0,0,0,3.0
7,5,1,1,,,,302.5,0,0,0,64.0
7,6,1,1,,,,298.0,0,0,0,216.0
7,7,1,1,,,,299.0,0,0,0,564.0
7,8,1,1,,,,299.5,0,0,0,822.0
7,9,1,1,,,,300.0,0,0,0,859.0
7,10,1,1,,,,301.0,0,0,0,857.0
7,11,1,1,,,,302.0,0,0,0,841.0
7,12,1,1,,,,303.5,0,0,0,822.0
7,13,1,1,,,,300.5,0,0,0,747.0
7,14,1,1,,,,302.0,0,0,0,671.0
7,15,1,1,,,,299.5,0,0,0,549.0
7,16,1,1,,,,298.5,0,0,0,269.0
7,17,1,1,,,,300.5,0,0,0,185.0
7,18,1,1,,,,297.5,0,0,0,69.0
7,19,1,1,,,,290.5,0,0,0,5.0
7,20,1,1,,,,290.0,0,0,0,0.0
7,21,1,1,,,,288.5,0,0,0,0.0
7,22,1,1,,,,279.5,0,0,0,0.0
7,23,1,1,,,,281.5,0,0,0,0.0
7,24,1,1,,,,276.0,0,0,0,0.0
7,1,2,1,,,,283.0,0,0,0,0.0
7,2,2,1,,,,291.0,0,0,0,0.0
7,3,2,1,,,,297.5,0,0,0,0.0
7,4,2,1,,,,300.0,0,0,0,81.0
7,5,2,1,,,,304.5,0,0,0,477.0
7,6,2,1,,,,316.5,0,0,0,686.0
7,7,2,1,,,,332.0,0,0,0,780.0
7,8,2,1,,,,351.5,0,0,0,820.0
7,9,2,1,,,,357.0,0,0,0,828.0
7,10,2,1,,,,371.0,0,0,0,831.0
7,11,2,1,,,,380.0,0,0,0,829.0
7,12,2,1,,,,372.0,0,0,0,788.0
7,13,2,1,,,,369.0,0,0,0,777.0
7,14,2,1,,,,383.0,0,0,0,754.0
7,15,2,1,,,,368.5,0,0,0,626.0
7,16,2,1,,,,364.5,0,0,0,433.0
7,17,2,1,,,,354.5,0,0,0,214.0
7,18,2,1,,,,336.0,0,0,0,91.0
7,19,2,1,,,,317.5,0,0,0,13.0
7,20,2,1,,,,290.5,0,0,0,0.0
7,21,2,1,,,,286.5,0,0,0,0.0
7,22,2,1,,,,283.5,0,0,0,0.0
7,23,2,1,,,,280.0,0,0,0,0.0
7,24,2,1,,,,278.0,0,0,0,0.0
8,1,3,1,,,,289.0,0,0,0,0.0
8,2,3,1,,,,290.0,0,0,0,0.0
8,3,3,1,,,,293.5,0,0,0,0.0
8,4,3,1,,,,303.5,0,0,0,55.0
8,5,3,1,,,,305.0,0,0,0,414.0
8,6,3,1,,,,321.0,0,0,0,590.0
8,7,3,1,,,,331.0,0,0,0,744.0
8,8,3,1,,,,352.0,0,0,0,800.0
8,9,3,1,,,,365.5,0,0,0,826.0
8,10,3,1,,,,372.0,0,0,0,832.0
8,11,3,1,,,,399.5,0,0,0,813.0
8,12,3,1,,,,382.5,0,0,0,744.0
8,13,3,1,,,,376.0,0,0,0,587.0
8,14,3,1,,,,362.5,0,0,0,466.0
8,15,3,1,,,,370.0,0,0,0,358.0
8,16,3,1,,,,362.0,0,0,0,408.0
8,17,3,1,,,,350.5,0,0,0,301.0
8,18,3,1,,,,352.5,0,0,0,75.0
8,19,3,1,,,,325.5,0,0,0,3.0
8,20,3,1,,,,296.5,0,0,0,0.0
8,21,3,1,,,,288.0,0,0,0,0.0
8,22,3,1,,,,285.0,0,0,0,0.0
8,23,3,1,,,,282.5,0,0,0,0.0
8,24,3,1,,,,281.0,0,0,0,0.0
8,1,4,1,,,,286.0,0,0,0,0.0
8,2,4,1,,,,288.5,0,0,0,0.0
8,3,4,1,,,,291.0,0,0,0,0.0
8,4,4,1,,,,296.5,0,0,0,18.0
8,5,4,1,,,,301.5,0,0,0,199.0
8,6,4,1,,,,320.0,0,0,0,299.0
8,7,4,1,,,,329.0,0,0,0,335.0
8,8,4,1,,,,354.5,0,0,0,351.0
8,9,4,1,,,,369.0,0,0,0,460.0
8,10,4,1,,,,376.0,0,0,0,423.0
8,11,4,1,,,,367.5,0,0,0,288.0
8,12,4,1,,,,379.0,0,0,0,277.0
8,13,4,1,,,,380.0,0,0,0,283.0
8,14,4,1,,,,391.5,0,0,0,267.0
8,15,4,1,,,,375.0,0,0,0,132.0
8,16,4,1,,,,371.0,0,0,0,55.0
8,17,4,1,,,,366.5,0,0,0,30.0
8,18,4,1,,,,378.5,0,0,0,18.0
8,19,4,1,,,,344.5,0,0,0,0.0
8,20,4,1,,,,312.5,0,0,0,0.0
8,21,4,1,,,,312.5,0,0,0,0.0
8,22,4,1,,,,308.5,0,0,0,0.0
8,23,4,1,,,,307.0,0,0,0,0.0
8,24,4,1,,,,306.0,0,0,0,0.0
8,1,5,1,,,,311.0,0,0,0,0.0
8,2,5,1,,,,307.5,0,0,0,0.0
8,3,5,1,,,,309.5,0,0,0,0.0
8,4,5,1,,,,318.0,0,0,0,51.0
8,5,5,1,,,,322.5,0,0,0,425.0
8,6,5,1,,,,337.0,0,0,0,633.0
8,7,5,1,,,,354.0,0,0,0,728.0
8,8,5,1,,,,374.0,0,0,0,784.0
8,9,5,1,,,,363.5,0,0,0,814.0
8,10,5,1,,,,362.0,0,0,0,810.0
8,11,5,1,,,,361.5,0,0,0,818.0
8,12,5,1,,,,364.0,0,0,0,660.0
8,13,5,1,,,,369.0,0,0,0,602.0
8,14,5,1,,,,368.5,0,0,0,494.0
8,15,5,1,,,,367.5,0,0,0,408.0
8,16,5,1,,,,379.5,0,0,0,246.0
8,17,5,1,,,,368.0,0,0,0,124.0
8,18,5,1,,,,342.5,0,0,0,112.0
8,19,5,1,,,,320.0,0,0,0,9.0
8,20,5,1,,,,297.5,0,0,0,0.0
8,21,5,1,,,,294.0,0,0,0,0.0
8,22,5,1,,,,294.0,0,0,0,0.0
8,23,5,1,,,,288.0,0,0,0,0.0
8,24,5,1,,,,289.0,0,0,0,0.0
8,1,6,1,,,,290.5,0,0,0,0.0
8,2,6,1,,,,289.5,0,0,0,0.0
8,3,6,1,,,,293.0,0,0,0,0.0
8,4,6,1,,,,301.5,0,0,0,36.0
8,5,6,1,,,,303.0,0,0,0,345.0
8,6,6,1,,,,321.0,0,0,0,614.0
8,7,6,1,,,,333.5,0,0,0,754.0
8,8,6,1,,,,356.5,0,0,0,803.0
8,9,6,1,,,,358.0,0,0,0,830.0
8,10,6,1,,,,373.5,0,0,0,839.0
8,11,6,1,,,,367.5,0,0,0,839.0
8,12,6,1,,,,363.5,0,0,0,789.0
8,13,6,1,,,,367.0,0,0,0,725.0
8,14,6,1,,,,361.0,0,0,0,670.0
8,15,6,1,,,,372.0,0,0,0,597.0
8,16,6,1,,,,370.5,0,0,0,373.0
8,17,6,1,,,,365.5,0,0,0,193.0
8,18,6,1,,,,340.5,0,0,0,71.0
8,19,6,1,,,,320.0,0,0,0,2.0
8,20,6,1,,,,297.5,0,0,0,0.0
8,21,6,1,,,,292.5,0,0,0,0.0
8,22,6,1,,,,288.0,0,0,0,0.0
8,23,6,1,,,,286.0,0,0,0,0.0
8,24,6,1,,,,282.0,0,0,0,0.0
8,1,7,1,,,,285.5,0,0,0,0.0
8,2,7,1,,,,283.5,0,0,0,0.0
8,3,7,1,,,,285.0,0,0,0,0.0
8,4,7,1,,,,283.0,0,0,0,8.0
8,5,7,1,,,,282.5,0,0,0,193.0
8,6,7,1,,,,288.0,0,0,0,453.0
8,7,7,1,,,,295.0,0,0,0,652.0
8,8,7,1,,,,302.5,0,0,0,738.0
8,9,7,1,,,,309.0,0,0,0,704.0
8,10,7,1,,,,317.5,0,0,0,540.0
8,11,7,1,,,,329.0,0,0,0,347.0
8,12,7,1,,,,306.5,0,0,0,296.0
8,13,7,1,,,,297.0,0,0,0,260.0
8,14,7,1,,,,291.5,0,0,0,212.0
8,15,7,1,,,,287.5,0,0,0,289.0
8,16,7,1,,,,291.5,0,0,0,262.0
8,17,7,1,,,,292.0,0,0,0,251.0
8,18,7,1,,,,288.5,0,0,0,203.0
8,19,7,1,,,,289.5,0,0,0,17.0
8,20,7,1,,,,278.5,0,0,0,0.0
8,21,7,1,,,,278.0,0,0,0,0.0
8,22,7,1,,,,285.0,0,0,0,0.0
8,23,7,1,,,,280.0,0,0,0,0.0
8,24,7,1,,,,280.5,0,0,0,0.0
8,1,1,1,,,,281.5,0,0,0,0.0
8,2,1,1,,,,281.0,0,0,0,0.0
8,3,1,1,,,,282.0,0,0,0,0.0
8,4,1,1,,,,281.0,0,0,0,33.0
8,5,1,1,,,,281.5,0,0,0,405.0
8,6,1,1,,,,281.0,0,0,0,496.0
8,7,1,1,,,,285.5,0,0,0,687.0
8,8,1,1,,,,287.5,0,0,0,804.0
8,9,1,1,,,,293.0,0,0,0,805.0
8,10,1,1,,,,296.0,0,0,0,811.0
8,11,1,1,,,,299.5,0,0,0,833.0
8,12,1,1,,,,297.5,0,0,0,825.0
8,13,1,1,,,,299.5,0,0,0,765.0
8,14,1,1,,,,304.5,0,0,0,619.0
8,15,1,1,,,,306.0,0,0,0,460.0
8,16,1,1,,,,303.0,0,0,0,328.0
8,17,1,1,,,,323.5,0,0,0,189.0
8,18,1,1,,,,307.5,0,0,0,75.0
8,19,1,1,,,,299.0,0,0,0,3.0
8,20,1,1,,,,290.0,0,0,0,0.0
8,21,1,1,,,,283.0,0,0,0,0.0
8,22,1,1,,,,280.0,0,0,0,0.0
8,23,1,1,,,,280.5,0,0,0,0.0
8,24,1,1,,,,277.0,0,0,0,0.0
8,1,2,1,,,,281.0,0,0,0,0.0
8,2,2,1,,,,281.5,0,0,0,0.0
8,3,2,1,,,,288.5,0,0,0,0.0
8,4,2,1,,,,297.5,0,0,0,2.0
8,5,2,1,,,,302.0,0,0,0,51.0
8,6,2,1,,,,319.0,0,0,0,106.0
8,7,2,1,,,,332.0,0,0,0,204.0
8,8,2,1,,,,345.5,0,0,0,365.0
8,9,2,1,,,,364.5,0,0,0,442.0
8,10,2,1,,,,383.0,0,0,0,517.0
8,11,2,1,,,,369.5,0,0,0,510.0
8,12,2,1,,,,362.0,0,0,0,497.0
8,13,2,1,,,,370.5,0,0,0,451.0
8,14,2,1,,,,395.5,0,0,0,347.0
8,15,2,1,,,,394.5,0,0,0,235.0
8,16,2,1,,,,402.0,0,0,0,155.0
8,17,2,1,,,,381.0,0,0,0,73.0
8,18,2,1,,,,359.5,0,0,0,20.0
8,19,2,1,,,,333.0,0,0,0,0.0
8,20,2,1,,,,304.5,0,0,0,0.0
8,21,2,1,,,,299.0,0,0,0,0.0
8,22,2,1,,,,298.5,0,0,0,0.0
8,23,2,1,,,,301.0,0,0,0,0.0
8,24,2,1,,,,298.0,0,0,0,0.0
8,1,3,1,,,,300.0,0,0,0,0.0
8,2,3,1,,,,301.0,0,0,0,0.0
8,3,3,1,,,,303.5,0,0,0,0.0
8,4,3,1,,,,312.0,0,0,0,0.0
8,5,3,1,,,,315.5,0,0,0,10.0
8,6,3,1,,,,330.5,0,0,0,48.0
8,7,3,1,,,,345.5,0,0,0,111.0
8,8,3,1,,,,379.5,0,0,0,228.0
8,9,3,1,,,,368.0,0,0,0,382.0
8,10,3,1,,,,375.0,0,0,0,459.0
8,11,3,1,,,,381.0,0,0,0,467.0
8,12,3,1,,,,373.5,0,0,0,455.0
8,13,3,1,,,,397.0,0,0,0,386.0
8,14,3,1,,,,379.5,0,0,0,250.0
8,15,3,1,,,,363.0,0,0,0,140.0
8,16,3,1,,,,362.5,0,0,0,60.0
8,17,3,1,,,,353.5,0,0,0,25.0
8,18,3,1,,,,330.5,0,0,0,6.0
8,19,3,1,,,,314.5,0,0,0,0.0
8,20,3,1,,,,291.0,0,0,0,0.0
8,21,3,1,,,,287.0,0,0,0,0.0
8,22,3,1,,,,283.5,0,0,0,0.0
8,23,3,1,,,,283.5,0,0,0,0.0
8,24,3,1,,,,283.5,0,0,0,0.0
8,1,4,1,,,,287.5,0,0,0,0.0
8,2,4,1,,,,288.0,0,0,0,0.0
8,3,4,1,,,,291.5,0,0,0,0.0
8,4,4,1,,,,298.5,0,0,0,0.0
8,5,4,1,,,,306.0,0,0,0,26.0
8,6,4,1,,,,327.0,0,0,0,75.0
8,7,4,1,,,,333.5,0,0,0,147.0
8,8,4,1,,,,364.0,0,0,0,211.0
8,9,4,1,,,,369.5,0,0,0,266.0
8,10,4,1,,,,368.5,0,0,0,300.0
8,11,4,1,,,,372.0,0,0,0,312.0
8,12,4,1,,,,386.5,0,0,0,294.0
8,13,4,1,,,,398.5,0,0,0,267.0
8,14,4,1,,,,377.5,0,0,0,213.0
8,15,4,1,,,,366.5,0,0,0,141.0
8,16,4,1,,,,367.0,0,0,0,94.0
8,17,4,1,,,,372.0,0,0,0,55.0
8,18,4,1,,,,351.5,0,0,0,22.0
8,19,4,1,,,,330.5,0,0,0,0.0
8,20,4,1,,,,306.0,0,0,0,0.0
8,21,4,1,,,,300.5,0,0,0,0.0
8,22,4,1,,,,295.0,0,0,0,0.0
8,23,4,1,,,,291.5,0,0,0,0.0
8,24,4,1,,,,290.0,0,0,0,0.0
8,1,5,1,,,,295.0,0,0,0,0.0
8,2,5,1,,,,294.0,0,0,0,0.0
8,3,5,1,,,,296.0,0,0,0,0.0
8,4,5,1,,,,305.5,0,0,0,8.0
8,5,5,1,,,,310.5,0,0,0,309.0
8,6,5,1,,,,314.5,0,0,0,580.0
8,7,5,1,,,,327.5,0,0,0,745.0
8,8,5,1,,,,368.5,0,0,0,818.0
8,9,5,1,,,,375.5,0,0,0,832.0
8,10,5,1,,,,369.5,0,0,0,840.0
8,11,5,1,,,,358.0,0,0,0,842.0
8,12,5,1,,,,363.5,0,0,0,830.0
8,13,5,1,,,,373.5,0,0,0,833.0
8,14,5,1,,,,367.0,0,0,0,769.0
8,15,5,1,,,,381.5,0,0,0,742.0
8,16,5,1,,,,386.0,0,0,0,644.0
8,17,5,1,,,,359.0,0,0,0,524.0
8,18,5,1,,,,332.5,0,0,0,254.0
8,19,5,1,,,,314.0,0,0,0,6.0
8,20,5,1,,,,290.5,0,0,0,0.0
8,21,5,1,,,,284.5,0,0,0,0.0
8,22,5,1,,,,288.5,0,0,0,0.0
8,23,5,1,,,,290.0,0,0,0,0.0
8,24,5,1,,,,287.5,0,0,0,0.0
8,1,6,1,,,,289.5,0,0,0,0.0
8,2,6,1,,,,288.5,0,0,0,0.0
8,3,6,1,,,,295.0,0,0,0,0.0
8,4,6,1,,,,300.5,0,0,0,7.0
8,5,6,1,,,,305.5,0,0,0,349.0
8,6,6,1,,,,318.5,0,0,0,625.0
8,7,6,1,,,,335.0,0,0,0,762.0
8,8,6,1,,,,359.5,0,0,0,823.0
8,9,6,1,,,,363.5,0,0,0,855.0
8,10,6,1,,,,378.0,0,0,0,865.0
8,11,6,1,,,,378.5,0,0,0,825.0
8,12,6,1,,,,384.0,0,0,0,693.0
8,13,6,1,,,,371.0,0,0,0,622.0
8,14,6,1,,,,367.0,0,0,0,517.0
8,15,6,1,,,,371.5,0,0,0,417.0
8,16,6,1,,,,364.0,0,0,0,139.0
8,17,6,1,,,,347.5,0,0,0,34.0
8,18,6,1,,,,339.0,0,0,0,8.0
8,19,6,1,,,,314.0,0,0,0,0.0
8,20,6,1,,,,291.0,0,0,0,0.0
8,21,6,1,,,,287.0,0,0,0,0.0
8,22,6,1,,,,285.5,0,0,0,0.0
8,23,6,1,,,,287.5,0,0,0,0.0
8,24,6,1,,,,289.5,0,0,0,0.0
8,1,7,1,,,,294.0,0,0,0,0.0
8,2,7,1,,,,294.5,0,0,0,0.0
8,3,7,1,,,,295.5,0,0,0,0.0
8,4,7,1,,,,293.5,0,0,0,0.0
8,5,7,1,,,,299.5,0,0,0,120.0
8,6,7,1,,,,305.5,0,0,0,274.0
8,7,7,1,,,,315.0,0,0,0,396.0
8,8,7,1,,,,319.0,0,0,0,595.0
8,9,7,1,,,,320.5,0,0,0,688.0
8,10,7,1,,,,324.5,0,0,0,629.0
8,11,7,1,,,,326.0,0,0,0,673.0
8,12,7,1,,,,314.0,0,0,0,565.0
8,13,7,1,,,,308.0,0,0,0,420.0
8,14,7,1,,,,304.0,0,0,0,495.0
8,15,7,1,,,,301.0,0,0,0,396.0
8,16,7,1,,,,297.0,0,0,0,274.0
8,17,7,1,,,,299.0,0,0,0,191.0
8,18,7,1,,,,296.5,0,0,0,58.0
8,19,7,1,,,,294.5,0,0,0,0.0
8,20,7,1,,,,287.0,0,0,0,0.0
8,21,7,1,,,,284.5,0,0,0,0.0
8,22,7,1,,,,286.0,0,0,0,0.0
8,23,7,1,,,,280.5,0,0,0,0.0
8,24,7,1,,,,275.0,0,0,0,0.0
8,1,1,1,,,,277.5,0,0,0,0.0
8,2,1,1,,,,280.0,0,0,0,0.0
8,3,1,1,,,,286.5,0,0,0,0.0
8,4,1,1,,,,284.5,0,0,0,5.0
8,5,1,1,,,,286.5,0,0,0,377.0
8,6,1,1,,,,282.5,0,0,0,684.0
8,7,1,1,,,,285.0,0,0,0,800.0
8,8,1,1,,,,286.5,0,0,0,839.0
8,9,1,1,,,,290.5,0,0,0,855.0
8,10,1,1,,,,290.0,0,0,0,878.0
8,11,1,1,,,,289.0,0,0,0,880.0
8,12,1,1,,,,293.0,0,0,0,879.0
8,13,1,1,,,,296.5,0,0,0,860.0
8,14,1,1,,,,299.0,0,0,0,821.0
8,15,1,1,,,,298.5,0,0,0,776.0
8,16,1,1,,,,295.0,0,0,0,661.0
8,17,1,1,,,,293.5,0,0,0,356.0
8,18,1,1,,,,289.5,0,0,0,85.0
8,19,1,1,,,,288.5,0,0,0,0.0
8,20,1,1,,,,281.0,0,0,0,0.0
8,21,1,1,,,,282.0,0,0,0,0.0
8,22,1,1,,,,275.5,0,0,0,0.0
8,23,1,1,,,,278.5,0,0,0,0.0
8,24,1,1,,,,278.0,0,0,0,0.0
8,1,2,1,,,,276.5,0,0,0,0.0
8,2,2,1,,,,281.5,0,0,0,0.0
8,3,2,1,,,,290.5,0,0,0,0.0
8,4,2,1,,,,297.0,0,0,0,0.0
8,5,2,1,,,,301.5,0,0,0,53.0
8,6,2,1,,,,316.0,0,0,0,107.0
8,7,2,1,,,,329.0,0,0,0,172.0
8,8,2,1,,,,346.0,0,0,0,280.0
8,9,2,1,,,,363.0,0,0,0,493.0
8,10,2,1,,,,359.5,0,0,0,589.0
8,11,2,1,,,,372.5,0,0,0,622.0
8,12,2,1,,,,384.0,0,0,0,519.0
8,13,2,1,,,,393.5,0,0,0,289.0
8,14,2,1,,,,397.0,0,0,0,166.0
8,15,2,1,,,,391.5,0,0,0,118.0
8,16,2,1,,,,381.0,0,0,0,88.0
8,17,2,1,,,,376.0,0,0,0,31.0
8,18,2,1,,,,363.0,0,0,0,4.0
8,19,2,1,,,,344.0,0,0,0,0.0
8,20,2,1,,,,298.5,0,0,0,0.0
8,21,2,1,,,,292.5,0,0,0,0.0
8,22,2,1,,,,285.0,0,0,0,0.0
8,23,2,1,,,,287.0,0,0,0,0.0
8,24,2,1,,,,283.5,0,0,0,0.0
8,1,3,1,,,,288.0,0,0,0,0.0
8,2,3,1,,,,287.0,0,0,0,0.0
8,3,3,1,,,,289.5,0,0,0,0.0
8,4,3,1,,,,300.0,0,0,0,0.0
8,5,3,1,,,,299.5,0,0,0,33.0
8,6,3,1,,,,318.5,0,0,0,201.0
8,7,3,1,,,,333.5,0,0,0,345.0
8,8,3,1,,,,355.0,0,0,0,401.0
8,9,3,1,,,,371.5,0,0,0,463.0
8,10,3,1,,,,374.0,0,0,0,660.0
8,11,3,1,,,,380.5,0,0,0,752.0
8,12,3,1,,,,385.0,0,0,0,713.0
8,13,3,1,,,,381.0,0,0,0,706.0
8,14,3,1,,,,385.5,0,0,0,712.0
8,15,3,1,,,,385.0,0,0,0,651.0
8,16,3,1,,,,375.5,0,0,0,503.0
8,17,3,1,,,,370.5,0,0,0,408.0
8,18,3,1,,,,358.0,0,0,0,200.0
8,19,3,1,,,,331.5,0,0,0,0.0
8,20,3,1,,,,304.0,0,0,0,0.0
8,21,3,1,,,,296.5,0,0,0,0.0
8,22,3,1,,,,288.5,0,0,0,0.0
8,23,3,1,,,,285.5,0,0,0,0.0
8,24,3,1,,,,287.0,0,0,0,0.0
8,1,4,1,,,,288.0,0,0,0,0.0
8,2,4,1,,,,290.0,0,0,0,0.0
8,3,4,1,,,,300.5,0,0,0,0.0
8,4,4,1,,,,308.5,0,0,0,0.0
8,5,4,1,,,,309.0,0,0,0,99.0
8,6,4,1,,,,324.5,0,0,0,129.0
8,7,4,1,,,,334.0,0,0,0,213.0
8,8,4,1,,,,359.0,0,0,0,501.0
8,9,4,1,,,,366.5,0,0,0,688.0
8,10,4,1,,,,364.5,0,0,0,721.0
8,11,4,1,,,,370.5,0,0,0,730.0
8,12,4,1,,,,373.0,0,0,0,767.0
8,13,4,1,,,,383.0,0,0,0,746.0
8,14,4,1,,,,401.0,0,0,0,672.0
8,15,4,1,,,,390.0,0,0,0,745.0
8,16,4,1,,,,381.0,0,0,0,649.0
8,17,4,1,,,,372.5,0,0,0,348.0
8,18,4,1,,,,348.5,0,0,0,62.0
8,19,4,1,,,,331.0,0,0,0,0.0
8,20,4,1,,,,324.5,0,0,0,0.0
8,21,4,1,,,,300.0,0,0,0,0.0
8,22,4,1,,,,297.0,0,0,0,0.0
8,23,4,1,,,,294.0,0,0,0,0.0
8,24,4,1,,,,293.0,0,0,0,0.0
8,1,5,1,,,,295.5,0,0,0,0.0
8,2,5,1,,,,292.5,0,0,0,0.0
8,3,5,1,,,,300.0,0,0,0,0.0
8,4,5,1,,,,310.0,0,0,0,0.0
8,5,5,1,,,,316.5,0,0,0,6.0
8,6,5,1,,,,338.5,0,0,0,62.0
8,7,5,1,,,,343.0,0,0,0,211.0
8,8,5,1,,,,350.5,0,0,0,400.0
8,9,5,1,,,,365.0,0,0,0,634.0
8,10,5,1,,,,378.0,0,0,0,770.0
8,11,5,1,,,,407.0,0,0,0,789.0
8,12,5,1,,,,408.0,0,0,0,791.0
8,13,5,1,,,,403.0,0,0,0,793.0
8,14,5,1,,,,405.5,0,0,0,786.0
8,15,5,1,,,,404.0,0,0,0,759.0
8,16,5,1,,,,398.0,0,0,0,668.0
8,17,5,1,,,,377.0,0,0,0,440.0
8,18,5,1,,,,362.0,0,0,0,169.0
8,19,5,1,,,,336.0,0,0,0,0.0
8,20,5,1,,,,314.5,0,0,0,0.0
8,21,5,1,,,,307.0,0,0,0,0.0
8,22,5,1,,,,305.0,0,0,0,0.0
8,23,5,1,,,,308.5,0,0,0,0.0
8,24,5,1,,,,308.5,0,0,0,0.0
8,1,6,1,,,,311.5,0,0,0,0.0
8,2,6,1,,,,312.0,0,0,0,0.0
8,3,6,1,,,,314.0,0,0,0,0.0
8,4,6,1,,,,319.5,0,0,0,0.0
8,5,6,1,,,,320.5,0,0,0,240.0
8,6,6,1,,,,331.5,0,0,0,513.0
8,7,6,1,,,,349.0,0,0,0,659.0
8,8,6,1,,,,369.5,0,0,0,762.0
8,9,6,1,,,,382.0,0,0,0,793.0
8,10,6,1,,,,377.5,0,0,0,797.0
8,11,6,1,,,,381.0,0,0,0,776.0
8,12,6,1,,,,374.5,0,0,0,690.0
8,13,6,1,,,,380.5,0,0,0,643.0
8,14,6,1,,,,370.5,0,0,0,541.0
8,15,6,1,,,,367.5,0,0,0,350.0
8,16,6,1,,,,353.0,0,0,0,243.0
8,17,6,1,,,,333.5,0,0,0,201.0
8,18,6,1,,,,320.0,0,0,0,93.0
8,19,6,1,,,,308.5,0,0,0,0.0
8,20,6,1,,,,287.0,0,0,0,0.0
8,21,6,1,,,,286.0,0,0,0,0.0
8,22,6,1,,,,287.0,0,0,0,0.0
8,23,6,1,,,,285.0,0,0,0,0.0
8,24,6,1,,,,285.0,0,0,0,0.0
8,1,7,1,,,,287.0,0,0,0,0.0
8,2,7,1,,,,290.0,0,0,0,0.0
8,3,7,1,,,,287.0,0,0,0,0.0
8,4,7,1,,,,289.0,0,0,0,0.0
8,5,7,1,,,,290.0,0,0,0,116.0
8,6,7,1,,,,296.0,0,0,0,453.0
8,7,7,1,,,,303.0,0,0,0,742.0
8,8,7,1,,,,313.0,0,0,0,807.0
8,9,7,1,,,,315.0,0,0,0,817.0
8,10,7,1,,,,313.5,0,0,0,824.0
8,11,7,1,,,,312.5,0,0,0,834.0
8,12,7,1,,,,311.5,0,0,0,831.0
8,13,7,1,,,,302.5,0,0,0,812.0
8,14,7,1,,,,300.5,0,0,0,777.0
8,15,7,1,,,,297.5,0,0,0,698.0
8,16,7,1,,,,293.5,0,0,0,555.0
8,17,7,1,,,,295.0,0,0,0,276.0
8,18,7,1,,,,289.5,0,0,0,120.0
8,19,7,1,,,,286.5,0,0,0,0.0
8,20,7,1,,,,281.5,0,0,0,0.0
8,21,7,1,,,,280.5,0,0,0,0.0
8,22,7,1,,,,278.5,0,0,0,0.0
8,23,7,1,,,,276.5,0,0,0,0.0
8,24,7,1,,,,285.5,0,0,0,0.0
8,1,1,1,,,,284.5,0,0,0,0.0
8,2,1,1,,,,283.5,0,0,0,0.0
8,3,1,1,,,,284.5,0,0,0,0.0
8,4,1,1,,,,284.0,0,0,0,0.0
8,5,1,1,,,,284.5,0,0,0,113.0
8,6,1,1,,,,283.5,0,0,0,306.0
8,7,1,1,,,,287.0,0,0,0,566.0
8,8,1,1,,,,292.0,0,0,0,732.0
8,9,1,1,,,,294.5,0,0,0,815.0
8,10,1,1,,,,292.0,0,0,0,815.0
8,11,1,1,,,,292.5,0,0,0,824.0
8,12,1,1,,,,300.0,0,0,0,847.0
8,13,1,1,,,,303.0,0,0,0,783.0
8,14,1,1,,,,298.5,0,0,0,628.0
8,15,1,1,,,,301.0,0,0,0,480.0
8,16,1,1,,,,296.5,0,0,0,312.0
8,17,1,1,,,,293.5,0,0,0,95.0
8,18,1,1,,,,293.0,0,0,0,8.0
8,19,1,1,,,,288.5,0,0,0,0.0
8,20,1,1,,,,287.0,0,0,0,0.0
8,21,1,1,,,,286.0,0,0,0,0.0
8,22,1,1,,,,286.0,0,0,0,0.0
8,23,1,1,,,,282.0,0,0,0,0.0
8,24,1,1,,,,276.0,0,0,0,0.0
8,1,2,1,,,,283.0,0,0,0,0.0
8,2,2,1,,,,282.5,0,0,0,0.0
8,3,2,1,,,,289.5,0,0,0,0.0
8,4,2,1,,,,297.5,0,0,0,0.0
8,5,2,1,,,,303.5,0,0,0,41.0
8,6,2,1,,,,320.5,0,0,0,151.0
8,7,2,1,,,,336.0,0,0,0,263.0
8,8,2,1,,,,360.0,0,0,0,328.0
8,9,2,1,,,,361.5,0,0,0,366.0
8,10,2,1,,,,378.5,0,0,0,426.0
8,11,2,1,,,,373.5,0,0,0,437.0
8,12,2,1,,,,376.0,0,0,0,446.0
8,13,2,1,,,,378.0,0,0,0,406.0
8,14,2,1,,,,384.0,0,0,0,369.0
8,15,2,1,,,,382.5,0,0,0,306.0
8,16,2,1,,,,374.5,0,0,0,232.0
8,17,2,1,,,,371.5,0,0,0,135.0
8,18,2,1,,,,360.0,0,0,0,39.0
8,19,2,1,,,,334.5,0,0,0,0.0
8,20,2,1,,,,311.5,0,0,0,0.0
8,21,2,1,,,,304.0,0,0,0,0.0
8,22,2,1,,,,304.0,0,0,0,0.0
8,23,2,1,,,,303.0,0,0,0,0.0
8,24,2,1,,,,300.0,0,0,0,0.0
8,1,3,1,,,,305.0,0,0,0,0.0
8,2,3,1,,,,305.5,0,0,0,0.0
8,3,3,1,,,,310.5,0,0,0,0.0
8,4,3,1,,,,319.0,0,0,0,0.0
8,5,3,1,,,,322.5,0,0,0,32.0
8,6,3,1,,,,345.0,0,0,0,102.0
8,7,3,1,,,,354.5,0,0,0,221.0
8,8,3,1,,,,360.0,0,0,0,412.0
8,9,3,1,,,,367.5,0,0,0,583.0
8,10,3,1,,,,385.5,0,0,0,561.0
8,11,3,1,,,,400.0,0,0,0,578.0
8,12,3,1,,,,395.5,0,0,0,501.0
8,13,3,1,,,,406.5,0,0,0,427.0
8,14,3,1,,,,408.5,0,0,0,363.0
8,15,3,1,,,,411.0,0,0,0,288.0
8,16,3,1,,,,401.5,0,0,0,238.0
8,17,3,1,,,,383.0,0,0,0,142.0
8,18,3,1,,,,369.5,0,0,0,45.0
8,19,3,1,,,,350.0,0,0,0,0.0
8,20,3,1,,,,325.5,0,0,0,0.0
8,21,3,1,,,,317.0,0,0,0,0.0
8,22,3,1,,,,318.0,0,0,0,0.0
8,23,3,1,,,,315.5,0,0,0,0.0
8,24,3,1,,,,316.0,0,0,0,0.0
8,1,4,1,,,,317.5,0,0,0,0.0
8,2,4,1,,,,320.0,0,0,0,0.0
8,3,4,1,,,,323.5,0,0,0,0.0
8,4,4,1,,,,330.0,0,0,0,0.0
8,5,4,1,,,,338.0,0,0,0,44.0
8,6,4,1,,,,349.0,0,0,0,117.0
8,7,4,1,,,,368.5,0,0,0,150.0
8,8,4,1,,,,352.5,0,0,0,138.0
8,9,4,1,,,,409.0,0,0,0,295.0
8,10,4,1,,,,438.5,0,0,0,430.0
8,11,4,1,,,,434.5,0,0,0,483.0
8,12,4,1,,,,433.5,0,0,0,362.0
8,13,4,1,,,,435.0,0,0,0,229.0
8,14,4,1,,,,427.5,0,0,0,166.0
8,15,4,1,,,,431.5,0,0,0,250.0
8,16,4,1,,,,419.0,0,0,0,290.0
8,17,4,1,,,,416.5,0,0,0,195.0
8,18,4,1,,,,396.0,0,0,0,56.0
8,19,4,1,,,,377.5,0,0,0,0.0
8,20,4,1,,,,337.0,0,0,0,0.0
8,21,4,1,,,,330.5,0,0,0,0.0
8,22,4,1,,,,320.0,0,0,0,0.0
8,23,4,1,,,,311.5,0,0,0,0.0
8,24,4,1,,,,308.0,0,0,0,0.0
8,1,5,1,,,,304.0,0,0,0,0.0
8,2,5,1,,,,299.0,0,0,0,0.0
8,3,5,1,,,,305.0,0,0,0,0.0
8,4,5,1,,,,317.0,0,0,0,0.0
8,5,5,1,,,,319.5,0,0,0,126.0
8,6,5,1,,,,338.0,0,0,0,275.0
8,7,5,1,,,,346.0,0,0,0,415.0
8,8,5,1,,,,393.0,0,0,0,568.0
8,9,5,1,,,,402.5,0,0,0,652.0
8,10,5,1,,,,410.0,0,0,0,697.0
8,11,5,1,,,,405.5,0,0,0,766.0
8,12,5,1,,,,410.0,0,0,0,737.0
8,13,5,1,,,,411.0,0,0,0,692.0
8,14,5,1,,,,407.0,0,0,0,605.0
8,15,5,1,,,,408.0,0,0,0,359.0
8,16,5,1,,,,397.5,0,0,0,149.0
8,17,5,1,,,,386.5,0,0,0,78.0
8,18,5,1,,,,371.5,0,0,0,18.0
8,19,5,1,,,,335.5,0,0,0,0.0
8,20,5,1,,,,315.0,0,0,0,0.0
8,21,5,1,,,,296.0,0,0,0,0.0
8,22,5,1,,,,291.5,0,0,0,0.0
8,23,5,1,,,,289.0,0,0,0,0.0
8,24,5,1,,,,289.0,0,0,0,0.0
8,1,6,1,,,,289.0,0,0,0,0.0
8,2,6,1,,,,290.0,0,0,0,0.0
8,3,6,1,,,,301.0,0,0,0,0.0
8,4,6,1,,,,307.0,0,0,0,0.0
8,5,6,1,,,,309.5,0,0,0,123.0
8,6,6,1,,,,325.0,0,0,0,441.0
8,7,6,1,,,,339.0,0,0,0,640.0
8,8,6,1,,,,361.5,0,0,0,718.0
8,9,6,1,,,,389.5,0,0,0,775.0
8,10,6,1,,,,405.5,0,0,0,716.0
8,11,6,1,,,,403.0,0,0,0,691.0
8,12,6,1,,,,402.0,0,0,0,690.0
8,13,6,1,,,,413.5,0,0,0,649.0
8,14,6,1,,,,408.5,0,0,0,709.0
8,15,6,1,,,,408.0,0,0,0,743.0
8,16,6,1,,,,390.5,0,0,0,642.0
8,17,6,1,,,,380.5,0,0,0,363.0
8,18,6,1,,,,371.5,0,0,0,94.0
8,19,6,1,,,,351.0,0,0,0,0.0
8,20,6,1,,,,315.5,0,0,0,0.0
8,21,6,1,,,,307.0,0,0,0,0.0
8,22,6,1,,,,299.5,0,0,0,0.0
8,23,6,1,,,,295.5,0,0,0,0.0
8,24,6,1,,,,289.0,0,0,0,0.0
8,1,7,1,,,,290.5,0,0,0,0.0
8,2,7,1,,,,286.0,0,0,0,0.0
8,3,7,1,,,,284.5,0,0,0,0.0
8,4,7,1,,,,282.0,0,0,0,0.0
8,5,7,1,,,,285.0,0,0,0,7.0
8,6,7,1,,,,296.0,0,0,0,49.0
8,7,7,1,,,,296.0,0,0,0,113.0
8,8,7,1,,,,308.0,0,0,0,203.0
8,9,7,1,,,,319.5,0,0,0,343.0
8,10,7,1,,,,332.0,0,0,0,478.0
8,11,7,1,,,,355.0,0,0,0,532.0
8,12,7,1,,,,344.0,0,0,0,508.0
8,13,7,1,,,,348.0,0,0,0,475.0
8,14,7,1,,,,344.0,0,0,0,433.0
8,15,7,1,,,,337.0,0,0,0,314.0
8,16,7,1,,,,335.0,0,0,0,152.0
8,17,7,1,,,,338.5,0,0,0,55.0
8,18,7,1,,,,342.0,0,0,0,9.0
8,19,7,1,,,,335.5,0,0,0,0.0
8,20,7,1,,,,309.0,0,0,0,0.0
8,21,7,1,,,,307.0,0,0,0,0.0
8,22,7,1,,,,305.5,0,0,0,0.0
8,23,7,1,,,,305.0,0,0,0,0.0
8,24,7,1,,,,301.0,0,0,0,0.0
8,1,1,1,,,,292.5,0,0,0,0.0
8,2,1,1,,,,284.5,0,0,0,0.0
8,3,1,1,,,,287.0,0,0,0,0.0
8,4,1,1,,,,284.0,0,0,0,0.0
8,5,1,1,,,,282.0,0,0,0,136.0
8,6,1,1,,,,279.0,0,0,0,389.0
8,7,1,1,,,,286.0,0,0,0,630.0
8,8,1,1,,,,284.5,0,0,0,753.0
8,9,1,1,,,,298.0,0,0,0,804.0
8,10,1,1,,,,313.5,0,0,0,825.0
8,11,1,1,,,,333.0,0,0,0,831.0
8,12,1,1,,,,335.0,0,0,0,834.0
8,13,1,1,,,,338.0,0,0,0,819.0
8,14,1,1,,,,342.0,0,0,0,792.0
8,15,1,1,,,,344.5,0,0,0,743.0
8,16,1,1,,,,340.0,0,0,0,649.0
8,17,1,1,,,,339.0,0,0,0,446.0
8,18,1,1,,,,337.5,0,0,0,153.0
8,19,1,1,,,,333.5,0,0,0,0.0
8,20,1,1,,,,310.0,0,0,0,0.0
8,21,1,1,,,,308.5,0,0,0,0.0
8,22,1,1,,,,303.5,0,0,0,0.0
8,23,1,1,,,,300.0,0,0,0,0.0
8,24,1,1,,,,298.0,0,0,0,0.0
8,1,2,1,,,,301.5,0,0,0,0.0
8,2,2,1,,,,300.5,0,0,0,0.0
8,3,2,1,,,,308.5,0,0,0,0.0
8,4,2,1,,,,313.5,0,0,0,0.0
8,5,2,1,,,,327.0,0,0,0,83.0
8,6,2,1,,,,333.0,0,0,0,323.0
8,7,2,1,,,,341.5,0,0,0,553.0
8,8,2,1,,,,296.0,0,0,0,686.0
8,9,2,1,,,,301.0,0,0,0,769.0
8,10,2,1,,,,306.5,0,0,0,786.0
8,11,2,1,,,,307.0,0,0,0,749.0
8,12,2,1,,,,310.0,0,0,0,687.0
8,13,2,1,,,,309.0,0,0,0,592.0
8,14,2,1,,,,312.0,0,0,0,525.0
8,15,2,1,,,,316.5,0,0,0,509.0
8,16,2,1,,,,314.0,0,0,0,477.0
8,17,2,1,,,,309.5,0,0,0,325.0
8,18,2,1,,,,304.0,0,0,0,98.0
8,19,2,1,,,,288.5,0,0,0,0.0
8,20,2,1,,,,272.0,0,0,0,0.0
8,21,2,1,,,,268.5,0,0,0,0.0
8,22,2,1,,,,266.5,0,0,0,0.0
8,23,2,1,,,,266.5,0,0,0,0.0
8,24,2,1,,,,264.0,0,0,0,0.0
8,1,3,1,,,,269.0,0,0,0,0.0
8,2,3,1,,,,267.0,0,0,0,0.0
8,3,3,1,,,,270.0,0,0,0,0.0
8,4,3,1,,,,279.0,0,0,0,0.0
8,5,3,1,,,,289.5,0,0,0,121.0
8,6,3,1,,,,291.5,0,0,0,431.0
8,7,3,1,,,,301.5,0,0,0,635.0
8,8,3,1,,,,318.5,0,0,0,731.0
8,9,3,1,,,,364.0,0,0,0,738.0
8,10,3,1,,,,432.0,0,0,0,757.0
8,11,3,1,,,,418.0,0,0,0,762.0
8,12,3,1,,,,420.5,0,0,0,743.0
8,13,3,1,,,,427.5,0,0,0,657.0
8,14,3,1,,,,421.5,0,0,0,560.0
8,15,3,1,,,,416.0,0,0,0,293.0
8,16,3,1,,,,404.5,0,0,0,128.0
8,17,3,1,,,,394.5,0,0,0,36.0
8,18,3,1,,,,373.5,0,0,0,2.0
8,19,3,1,,,,351.0,0,0,0,0.0
8,20,3,1,,,,306.0,0,0,0,0.0
8,21,3,1,,,,298.0,0,0,0,0.0
8,22,3,1,,,,292.0,0,0,0,0.0
8,23,3,1,,,,289.0,0,0,0,0.0
8,24,3,1,,,,285.5,0,0,0,0.0
8,1,4,1,,,,291.5,0,0,0,0.0
8,2,4,1,,,,291.0,0,0,0,0.0
8,3,4,1,,,,287.5,0,0,0,0.0
8,4,4,1,,,,295.0,0,0,0,0.0
8,5,4,1,,,,308.5,0,0,0,16.0
8,6,4,1,,,,313.0,0,0,0,91.0
8,7,4,1,,,,326.5,0,0,0,180.0
8,8,4,1,,,,342.0,0,0,0,273.0
8,9,4,1,,,,353.0,0,0,0,338.0
8,10,4,1,,,,353.5,0,0,0,356.0
8,11,4,1,,,,347.5,0,0,0,341.0
8,12,4,1,,,,352.0,0,0,0,313.0
8,13,4,1,,,,352.5,0,0,0,260.0
8,14,4,1,,,,346.5,0,0,0,178.0
8,15,4,1,,,,344.5,0,0,0,102.0
8,16,4,1,,,,351.0,0,0,0,45.0
8,17,4,1,,,,345.5,0,0,0,23.0
8,18,4,1,,,,335.5,0,0,0,3.0
8,19,4,1,,,,315.5,0,0,0,0.0
8,20,4,1,,,,295.0,0,0,0,0.0
8,21,4,1,,,,292.0,0,0,0,0.0
8,22,4,1,,,,291.0,0,0,0,0.0
8,23,4,1,,,,289.0,0,0,0,0.0
8,24,4,1,,,,287.0,0,0,0,0.0
8,1,5,1,,,,289.5,0,0,0,0.0
8,2,5,1,,,,290.5,0,0,0,0.0
8,3,5,1,,,,293.0,0,0,0,0.0
8,4,5,1,,,,302.0,0,0,0,0.0
8,5,5,1,,,,309.0,0,0,0,126.0
8,6,5,1,,,,315.0,0,0,0,493.0
8,7,5,1,,,,326.0,0,0,0,715.0
8,8,5,1,,,,349.0,0,0,0,801.0
8,9,5,1,,,,371.5,0,0,0,791.0
8,10,5,1,,,,367.5,0,0,0,772.0
8,11,5,1,,,,368.5,0,0,0,738.0
8,12,5,1,,,,366.0,0,0,0,694.0
8,13,5,1,,,,367.0,0,0,0,663.0
8,14,5,1,,,,363.0,0,0,0,558.0
8,15,5,1,,,,360.5,0,0,0,441.0
8,16,5,1,,,,351.5,0,0,0,304.0
8,17,5,1,,,,336.5,0,0,0,103.0
8,18,5,1,,,,325.0,0,0,0,15.0
8,19,5,1,,,,310.5,0,0,0,0.0
8,20,5,1,,,,293.5,0,0,0,0.0
8,21,5,1,,,,292.0,0,0,0,0.0
8,22,5,1,,,,287.0,0,0,0,0.0
8,23,5,1,,,,285.5,0,0,0,0.0
8,24,5,1,,,,283.5,0,0,0,0.0
9,1,6,1,,,,289.0,0,0,0,0.0
9,2,6,1,,,,289.0,0,0,0,0.0
9,3,6,1,,,,293.5,0,0,0,0.0
9,4,6,1,,,,299.5,0,0,0,0.0
9,5,6,1,,,,306.5,0,0,0,78.0
9,6,6,1,,,,316.5,0,0,0,401.0
9,7,6,1,,,,325.0,0,0,0,653.0
9,8,6,1,,,,350.0,0,0,0,758.0
9,9,6,1,,,,352.5,0,0,0,774.0
9,10,6,1,,,,359.0,0,0,0,763.0
9,11,6,1,,,,367.0,0,0,0,758.0
9,12,6,1,,,,359.5,0,0,0,750.0
9,13,6,1,,,,353.5,0,0,0,725.0
9,14,6,1,,,,355.5,0,0,0,641.0
9,15,6,1,,,,360.5,0,0,0,408.0
9,16,6,1,,,,345.5,0,0,0,114.0
9,17,6,1,,,,335.0,0,0,0,44.0
9,18,6,1,,,,321.5,0,0,0,5.0
9,19,6,1,,,,304.5,0,0,0,0.0
9,20,6,1,,,,284.5,0,0,0,0.0
9,21,6,1,,,,279.5,0,0,0,0.0
9,22,6,1,,,,281.5,0,0,0,0.0
9,23,6,1,,,,284.0,0,0,0,0.0
9,24,6,1,,,,282.0,0,0,0,0.0
9,1,7,1,,,,285.5,0,0,0,0.0
9,2,7,1,,,,285.0,0,0,0,0.0
9,3,7,1,,,,287.0,0,0,0,0.0
9,4,7,1,,,,284.0,0,0,0,0.0
9,5,7,1,,,,285.0,0,0,0,77.0
9,6,7,1,,,,294.0,0,0,0,428.0
9,7,7,1,,,,298.5,0,0,0,657.0
9,8,7,1,,,,302.5,0,0,0,765.0
9,9,7,1,,,,312.0,0,0,0,801.0
9,10,7,1,,,,309.5,0,0,0,807.0
9,11,7,1,,,,316.5,0,0,0,805.0
9,12,7,1,,,,303.5,0,0,0,798.0
9,13,7,1,,,,303.5,0,0,0,785.0
9,14,7,1,,,,303.5,0,0,0,759.0
9,15,7,1,,,,301.0,0,0,0,715.0
9,16,7,1,,,,297.0,0,0,0,596.0
9,17,7,1,,,,297.5,0,0,0,222.0
9,18,7,1,,,,296.5,0,0,0,22.0
9,19,7,1,,,,291.0,0,0,0,0.0
9,20,7,1,,,,278.5,0,0,0,0.0
9,21,7,1,,,,277.5,0,0,0,0.0
9,22,7,1,,,,274.5,0,0,0,0.0
9,23,7,1,,,,281.5,0,0,0,0.0
9,24,7,1,,,,281.5,0,0,0,0.0
9,1,1,1,,,,285.0,0,0,0,0.0
9,2,1,1,,,,284.0,0,0,0,0.0
9,3,1,1,,,,285.0,0,0,0,0.0
9,4,1,1,,,,284.5,0,0,0,0.0
9,5,1,1,,,,285.0,0,0,0,16.0
9,6,1,1,,,,286.0,0,0,0,94.0
9,7,1,1,,,,283.5,0,0,0,189.0
9,8,1,1,,,,288.0,0,0,0,279.0
9,9,1,1,,,,287.5,0,0,0,367.0
9,10,1,1,,,,287.5,0,0,0,394.0
9,11,1,1,,,,290.5,0,0,0,373.0
9,12,1,1,,,,294.0,0,0,0,335.0
9,13,1,1,,,,295.0,0,0,0,308.0
9,14,1,1,,,,291.0,0,0,0,270.0
9,15,1,1,,,,292.0,0,0,0,207.0
9,16,1,1,,,,289.5,0,0,0,125.0
9,17,1,1,,,,288.0,0,0,0,59.0
9,18,1,1,,,,286.0,0,0,0,3.0
9,19,1,1,,,,284.5,0,0,0,0.0
9,20,1,1,,,,276.0,0,0,0,0.0
9,21,1,1,,,,280.0,0,0,0,0.0
9,22,1,1,,,,278.5,0,0,0,0.0
9,23,1,1,,,,281.0,0,0,0,0.0
9,24,1,1,,,,278.5,0,0,0,0.0
9,1,2,1,,,,285.0,0,0,0,0.0
9,2,2,1,,,,287.5,0,0,0,0.0
9,3,2,1,,,,296.0,0,0,0,0.0
9,4,2,1,,,,296.5,0,0,0,0.0
9,5,2,1,,,,306.5,0,0,0,1.0
9,6,2,1,,,,315.5,0,0,0,63.0
9,7,2,1,,,,341.0,0,0,0,185.0
9,8,2,1,,,,372.0,0,0,0,276.0
9,9,2,1,,,,403.0,0,0,0,352.0
9,10,2,1,,,,402.0,0,0,0,473.0
9,11,2,1,,,,405.0,0,0,0,464.0
9,12,2,1,,,,407.5,0,0,0,319.0
9,13,2,1,,,,421.0,0,0,0,292.0
9,14,2,1,,,,419.5,0,0,0,289.0
9,15,2,1,,,,416.5,0,0,0,130.0
9,16,2,1,,,,405.5,0,0,0,100.0
9,17,2,1,,,,398.5,0,0,0,98.0
9,18,2,1,,,,383.0,0,0,0,14.0
9,19,2,1,,,,369.0,0,0,0,0.0
9,20,2,1,,,,336.0,0,0,0,0.0
9,21,2,1,,,,319.0,0,0,0,0.0
9,22,2,1,,,,316.0,0,0,0,0.0
9,23,2,1,,,,309.0,0,0,0,0.0
9,24,2,1,,,,306.5,0,0,0,0.0
9,1,3,1,,,,309.5,0,0,0,0.0
9,2,3,1,,,,319.5,0,0,0,0.0
9,3,3,1,,,,320.5,0,0,0,0.0
9,4,3,1,,,,321.0,0,0,0,0.0
9,5,3,1,,,,320.0,0,0,0,14.0
9,6,3,1,,,,330.5,0,0,0,121.0
9,7,3,1,,,,338.0,0,0,0,207.0
9,8,3,1,,,,368.5,0,0,0,262.0
9,9,3,1,,,,394.5,0,0,0,276.0
9,10,3,1,,,,399.5,0,0,0,333.0
9,11,3,1,,,,401.5,0,0,0,412.0
9,12,3,1,,,,394.0,0,0,0,552.0
9,13,3,1,,,,396.0,0,0,0,653.0
9,14,3,1,,,,394.0,0,0,0,718.0
9,15,3,1,,,,391.0,0,0,0,589.0
9,16,3,1,,,,380.5,0,0,0,228.0
9,17,3,1,,,,373.5,0,0,0,79.0
9,18,3,1,,,,345.5,0,0,0,2.0
9,19,3,1,,,,327.5,0,0,0,0.0
9,20,3,1,,,,306.0,0,0,0,0.0
9,21,3,1,,,,301.5,0,0,0,0.0
9,22,3,1,,,,289.5,0,0,0,0.0
9,23,3,1,,,,290.5,0,0,0,0.0
9,24,3,1,,,,287.0,0,0,0,0.0
9,1,4,1,,,,293.5,0,0,0,0.0
9,2,4,1,,,,294.0,0,0,0,0.0
9,3,4,1,,,,292.0,0,0,0,0.0
9,4,4,1,,,,296.0,0,0,0,0.0
9,5,4,1,,,,298.5,0,0,0,27.0
9,6,4,1,,,,311.0,0,0,0,254.0
9,7,4,1,,,,317.5,0,0,0,526.0
9,8,4,1,,,,339.5,0,0,0,749.0
9,9,4,1,,,,363.5,0,0,0,811.0
9,10,4,1,,,,352.5,0,0,0,819.0
9,11,4,1,,,,357.0,0,0,0,766.0
9,12,4,1,,,,356.0,0,0,0,549.0
9,13,4,1,,,,356.0,0,0,0,458.0
9,14,4,1,,,,360.5,0,0,0,447.0
9,15,4,1,,,,353.5,0,0,0,485.0
9,16,4,1,,,,339.0,0,0,0,286.0
9,17,4,1,,,,348.0,0,0,0,90.0
9,18,4,1,,,,333.5,0,0,0,3.0
9,19,4,1,,,,312.5,0,0,0,0.0
9,20,4,1,,,,294.0,0,0,0,0.0
9,21,4,1,,,,289.5,0,0,0,0.0
9,22,4,1,,,,290.5,0,0,0,0.0
9,23,4,1,,,,286.0,0,0,0,0.0
9,24,4,1,,,,284.0,0,0,0,0.0
9,1,5,1,,,,296.0,0,0,0,0.0
9,2,5,1,,,,297.0,0,0,0,0.0
9,3,5,1,,,,297.5,0,0,0,0.0
9,4,5,1,,,,304.0,0,0,0,0.0
9,5,5,1,,,,308.5,0,0,0,7.0
9,6,5,1,,,,314.5,0,0,0,149.0
9,7,5,1,,,,330.0,0,0,0,421.0
9,8,5,1,,,,357.5,0,0,0,618.0
9,9,5,1,,,,374.0,0,0,0,705.0
9,10,5,1,,,,375.5,0,0,0,709.0
9,11,5,1,,,,390.5,0,0,0,656.0
9,12,5,1,,,,382.0,0,0,0,578.0
9,13,5,1,,,,385.0,0,0,0,388.0
9,14,5,1,,,,368.5,0,0,0,231.0
9,15,5,1,,,,360.0,0,0,0,122.0
9,16,5,1,,,,353.5,0,0,0,38.0
9,17,5,1,,,,342.5,0,0,0,6.0
9,18,5,1,,,,330.5,0,0,0,0.0
9,19,5,1,,,,317.0,0,0,0,0.0
9,20,5,1,,,,297.0,0,0,0,0.0
9,21,5,1,,,,290.0,0,0,0,0.0
9,22,5,1,,,,285.0,0,0,0,0.0
9,23,5,1,,,,288.5,0,0,0,0.0
9,24,5,1,,,,286.0,0,0,0,0.0
9,1,6,1,,,,290.0,0,0,0,0.0
9,2,6,1,,,,293.0,0,0,0,0.0
9,3,6,1,,,,293.0,0,0,0,0.0
9,4,6,1,,,,304.0,0,0,0,0.0
9,5,6,1,,,,304.0,0,0,0,0.0
9,6,6,1,,,,313.5,0,0,0,28.0
9,7,6,1,,,,330.0,0,0,0,68.0
9,8,6,1,,,,352.5,0,0,0,126.0
9,9,6,1,,,,368.5,0,0,0,194.0
9,10,6,1,,,,355.5,0,0,0,352.0
9,11,6,1,,,,358.0,0,0,0,475.0
9,12,6,1,,,,358.0,0,0,0,246.0
9,13,6,1,,,,360.0,0,0,0,316.0
9,14,6,1,,,,359.5,0,0,0,435.0
9,15,6,1,,,,359.5,0,0,0,382.0
9,16,6,1,,,,349.5,0,0,0,127.0
9,17,6,1,,,,340.0,0,0,0,35.0
9,18,6,1,,,,326.0,0,0,0,0.0
9,19,6,1,,,,305.5,0,0,0,0.0
9,20,6,1,,,,293.0,0,0,0,0.0
9,21,6,1,,,,287.5,0,0,0,0.0
9,22,6,1,,,,286.0,0,0,0,0.0
9,23,6,1,,,,284.0,0,0,0,0.0
9,24,6,1,,,,281.0,0,0,0,0.0
9,1,7,1,,,,283.5,0,0,0,0.0
9,2,7,1,,,,284.0,0,0,0,0.0
9,3,7,1,,,,284.0,0,0,0,0.0
9,4,7,1,,,,283.0,0,0,0,0.0
9,5,7,1,,,,284.5,0,0,0,5.0
9,6,7,1,,,,291.0,0,0,0,190.0
9,7,7,1,,,,298.0,0,0,0,466.0
9,8,7,1,,,,301.5,0,0,0,603.0
9,9,7,1,,,,305.0,0,0,0,669.0
9,10,7,1,,,,309.5,0,0,0,701.0
9,11,7,1,,,,312.5,0,0,0,632.0
9,12,7,1,,,,303.5,0,0,0,500.0
9,13,7,1,,,,295.0,0,0,0,379.0
9,14,7,1,,,,292.0,0,0,0,252.0
9,15,7,1,,,,294.5,0,0,0,188.0
9,16,7,1,,,,296.0,0,0,0,140.0
9,17,7,1,,,,291.0,0,0,0,88.0
9,18,7,1,,,,291.0,0,0,0,2.0
9,19,7,1,,,,287.0,0,0,0,0.0
9,20,7,1,,,,284.0,0,0,0,0.0
9,21,7,1,,,,281.5,0,0,0,0.0
9,22,7,1,,,,279.0,0,0,0,0.0
9,23,7,1,,,,278.5,0,0,0,0.0
9,24,7,1,,,,279.5,0,0,0,0.0
9,1,1,1,,,,280.0,0,0,0,0.0
9,2,1,1,,,,282.5,0,0,0,0.0
9,3,1,1,,,,281.0,0,0,0,0.0
9,4,1,1,,,,280.5,0,0,0,0.0
9,5,1,1,,,,282.0,0,0,0,8.0
9,6,1,1,,,,282.0,0,0,0,263.0
9,7,1,1,,,,283.5,0,0,0,600.0
9,8,1,1,,,,285.0,0,0,0,665.0
9,9,1,1,,,,287.0,0,0,0,529.0
9,10,1,1,,,,289.0,0,0,0,518.0
9,11,1,1,,,,292.0,0,0,0,306.0
9,12,1,1,,,,290.5,0,0,0,159.0
9,13,1,1,,,,294.5,0,0,0,135.0
9,14,1,1,,,,298.0,0,0,0,128.0
9,15,1,1,,,,291.0,0,0,0,132.0
9,16,1,1,,,,284.5,0,0,0,110.0
9,17,1,1,,,,285.0,0,0,0,39.0
9,18,1,1,,,,284.5,0,0,0,0.0
9,19,1,1,,,,282.0,0,0,0,0.0
9,20,1,1,,,,278.5,0,0,0,0.0
9,21,1,1,,,,279.0,0,0,0,0.0
9,22,1,1,,,,278.5,0,0,0,0.0
9,23,1,1,,,,276.5,0,0,0,0.0
9,24,1,1,,,,277.0,0,0,0,0.0
9,1,2,1,,,,278.5,0,0,0,0.0
9,2,2,1,,,,284.5,0,0,0,0.0
9,3,2,1,,,,286.5,0,0,0,0.0
9,4,2,1,,,,291.5,0,0,0,0.0
9,5,2,1,,,,295.0,0,0,0,0.0
9,6,2,1,,,,303.5,0,0,0,103.0
9,7,2,1,,,,317.0,0,0,0,193.0
9,8,2,1,,,,333.0,0,0,0,270.0
9,9,2,1,,,,352.0,0,0,0,331.0
9,10,2,1,,,,363.5,0,0,0,434.0
9,11,2,1,,,,351.0,0,0,0,542.0
9,12,2,1,,,,352.0,0,0,0,604.0
9,13,2,1,,,,346.0,0,0,0,560.0
9,14,2,1,,,,350.5,0,0,0,474.0
9,15,2,1,,,,349.0,0,0,0,258.0
9,16,2,1,,,,337.5,0,0,0,144.0
9,17,2,1,,,,331.0,0,0,0,71.0
9,18,2,1,,,,325.0,0,0,0,0.0
9,19,2,1,,,,310.5,0,0,0,0.0
9,20,2,1,,,,287.5,0,0,0,0.0
9,21,2,1,,,,279.5,0,0,0,0.0
9,22,2,1,,,,276.5,0,0,0,0.0
9,23,2,1,,,,280.0,0,0,0,0.0
9,24,2,1,,,,277.5,0,0,0,0.0
9,1,3,1,,,,281.0,0,0,0,0.0
9,2,3,1,,,,283.5,0,0,0,0.0
9,3,3,1,,,,287.5,0,0,0,0.0
9,4,3,1,,,,293.0,0,0,0,0.0
9,5,3,1,,,,295.5,0,0,0,5.0
9,6,3,1,,,,310.0,0,0,0,273.0
9,7,3,1,,,,323.5,0,0,0,631.0
9,8,3,1,,,,350.0,0,0,0,757.0
9,9,3,1,,,,355.0,0,0,0,813.0
9,10,3,1,,,,351.0,0,0,0,837.0
9,11,3,1,,,,361.5,0,0,0,837.0
9,12,3,1,,,,358.5,0,0,0,825.0
9,13,3,1,,,,349.0,0,0,0,803.0
9,14,3,1,,,,345.0,0,0,0,769.0
9,15,3,1,,,,338.0,0,0,0,586.0
9,16,3,1,,,,333.5,0,0,0,336.0
9,17,3,1,,,,330.0,0,0,0,105.0
9,18,3,1,,,,312.5,0,0,0,0.0
9,19,3,1,,,,295.0,0,0,0,0.0
9,20,3,1,,,,278.5,0,0,0,0.0
9,21,3,1,,,,275.0,0,0,0,0.0
9,22,3,1,,,,272.0,0,0,0,0.0
9,23,3,1,,,,273.0,0,0,0,0.0
9,24,3,1,,,,272.0,0,0,0,0.0
9,1,4,1,,,,278.0,0,0,0,0.0
9,2,4,1,,,,280.5,0,0,0,0.0
9,3,4,1,,,,282.0,0,0,0,0.0
9,4,4,1,,,,287.0,0,0,0,0.0
9,5,4,1,,,,293.0,0,0,0,0.0
9,6,4,1,,,,297.0,0,0,0,122.0
9,7,4,1,,,,312.5,0,0,0,443.0
9,8,4,1,,,,337.0,0,0,0,713.0
9,9,4,1,,,,344.5,0,0,0,792.0
9,10,4,1,,,,340.0,0,0,0,801.0
9,11,4,1,,,,345.5,0,0,0,756.0
9,12,4,1,,,,342.0,0,0,0,681.0
9,13,4,1,,,,351.0,0,0,0,632.0
9,14,4,1,,,,347.5,0,0,0,519.0
9,15,4,1,,,,345.0,0,0,0,455.0
9,16,4,1,,,,335.5,0,0,0,207.0
9,17,4,1,,,,325.0,0,0,0,96.0
9,18,4,1,,,,311.5,0,0,0,0.0
9,19,4,1,,,,298.0,0,0,0,0.0
9,20,4,1,,,,282.5,0,0,0,0.0
9,21,4,1,,,,279.0,0,0,0,0.0
9,22,4,1,,,,273.0,0,0,0,0.0
9,23,4,1,,,,274.5,0,0,0,0.0
9,24,4,1,,,,275.5,0,0,0,0.0
9,1,5,1,,,,278.0,0,0,0,0.0
9,2,5,1,,,,278.0,0,0,0,0.0
9,3,5,1,,,,281.0,0,0,0,0.0
9,4,5,1,,,,284.0,0,0,0,0.0
9,5,5,1,,,,288.0,0,0,0,0.0
9,6,5,1,,,,297.0,0,0,0,24.0
9,7,5,1,,,,313.0,0,0,0,74.0
9,8,5,1,,,,332.0,0,0,0,144.0
9,9,5,1,,,,350.0,0,0,0,269.0
9,10,5,1,,,,344.5,0,0,0,355.0
9,11,5,1,,,,360.5,0,0,0,457.0
9,12,5,1,,,,350.0,0,0,0,494.0
9,13,5,1,,,,349.0,0,0,0,497.0
9,14,5,1,,,,354.0,0,0,0,417.0
9,15,5,1,,,,347.0,0,0,0,251.0
9,16,5,1,,,,336.0,0,0,0,160.0
9,17,5,1,,,,332.0,0,0,0,72.0
9,18,5,1,,,,313.5,0,0,0,0.0
9,19,5,1,,,,296.5,0,0,0,0.0
9,20,5,1,,,,277.0,0,0,0,0.0
9,21,5,1,,,,273.5,0,0,0,0.0
9,22,5,1,,,,270.5,0,0,0,0.0
9,23,5,1,,,,268.0,0,0,0,0.0
9,24,5,1,,,,266.0,0,0,0,0.0
9,1,6,1,,,,274.0,0,0,0,0.0
9,2,6,1,,,,272.5,0,0,0,0.0
9,3,6,1,,,,276.5,0,0,0,0.0
9,4,6,1,,,,283.5,0,0,0,0.0
9,5,6,1,,,,289.5,0,0,0,0.0
9,6,6,1,,,,295.0,0,0,0,25.0
9,7,6,1,,,,317.5,0,0,0,75.0
9,8,6,1,,,,327.5,0,0,0,271.0
9,9,6,1,,,,340.5,0,0,0,741.0
9,10,6,1,,,,350.5,0,0,0,614.0
9,11,6,1,,,,347.0,0,0,0,411.0
9,12,6,1,,,,344.5,0,0,0,292.0
9,13,6,1,,,,347.0,0,0,0,194.0
9,14,6,1,,,,341.5,0,0,0,134.0
9,15,6,1,,,,343.0,0,0,0,101.0
9,16,6,1,,,,329.5,0,0,0,63.0
9,17,6,1,,,,319.5,0,0,0,19.0
9,18,6,1,,,,311.0,0,0,0,0.0
9,19,6,1,,,,294.0,0,0,0,0.0
9,20,6,1,,,,274.5,0,0,0,0.0
9,21,6,1,,,,269.5,0,0,0,0.0
9,22,6,1,,,,268.0,0,0,0,0.0
9,23,6,1,,,,264.5,0,0,0,0.0
9,24,6,1,,,,264.0,0,0,0,0.0
9,1,7,1,,,,269.5,0,0,0,0.0
9,2,7,1,,,,270.0,0,0,0,0.0
9,3,7,1,,,,269.0,0,0,0,0.0
9,4,7,1,,,,270.0,0,0,0,0.0
9,5,7,1,,,,270.0,0,0,0,0.0
9,6,7,1,,,,279.0,0,0,0,42.0
9,7,7,1,,,,283.0,0,0,0,138.0
9,8,7,1,,,,286.5,0,0,0,337.0
9,9,7,1,,,,287.5,0,0,0,648.0
9,10,7,1,,,,296.0,0,0,0,658.0
9,11,7,1,,,,301.5,0,0,0,637.0
9,12,7,1,,,,296.5,0,0,0,606.0
9,13,7,1,,,,285.5,0,0,0,538.0
9,14,7,1,,,,280.0,0,0,0,407.0
9,15,7,1,,,,276.5,0,0,0,202.0
9,16,7,1,,,,275.5,0,0,0,66.0
9,17,7,1,,,,275.5,0,0,0,19.0
9,18,7,1,,,,275.5,0,0,0,0.0
9,19,7,1,,,,277.5,0,0,0,0.0
9,20,7,1,,,,271.0,0,0,0,0.0
9,21,7,1,,,,267.5,0,0,0,0.0
9,22,7,1,,,,265.5,0,0,0,0.0
9,23,7,1,,,,263.5,0,0,0,0.0
9,24,7,1,,,,261.0,0,0,0,0.0
9,1,1,1,,,,267.5,0,0,0,0.0
9,2,1,1,,,,270.0,0,0,0,0.0
9,3,1,1,,,,267.5,0,0,0,0.0
9,4,1,1,,,,267.5,0,0,0,0.0
9,5,1,1,,,,267.5,0,0,0,0.0
9,6,1,1,,,,267.0,0,0,0,50.0
9,7,1,1,,,,269.0,0,0,0,172.0
9,8,1,1,,,,269.0,0,0,0,368.0
9,9,1,1,,,,269.0,0,0,0,599.0
9,10,1,1,,,,273.0,0,0,0,738.0
9,11,1,1,,,,275.0,0,0,0,696.0
9,12,1,1,,,,278.0,0,0,0,641.0
9,13,1,1,,,,282.5,0,0,0,602.0
9,14,1,1,,,,277.0,0,0,0,542.0
9,15,1,1,,,,282.0,0,0,0,449.0
9,16,1,1,,,,283.0,0,0,0,233.0
9,17,1,1,,,,278.0,0,0,0,97.0
9,18,1,1,,,,275.0,0,0,0,0.0
9,19,1,1,,,,276.0,0,0,0,0.0
9,20,1,1,,,,265.5,0,0,0,0.0
9,21,1,1,,,,266.5,0,0,0,0.0
9,22,1,1,,,,262.0,0,0,0,0.0
9,23,1,1,,,,261.0,0,0,0,0.0
9,24,1,1,,,,261.0,0,0,0,0.0
9,1,2,1,,,,268.0,0,0,0,0.0
9,2,2,1,,,,271.0,0,0,0,0.0
9,3,2,1,,,,280.0,0,0,0,0.0
9,4,2,1,,,,281.0,0,0,0,0.0
9,5,2,1,,,,285.5,0,0,0,0.0
9,6,2,1,,,,293.0,0,0,0,29.0
9,7,2,1,,,,308.0,0,0,0,154.0
9,8,2,1,,,,326.5,0,0,0,340.0
9,9,2,1,,,,345.0,0,0,0,532.0
9,10,2,1,,,,351.0,0,0,0,609.0
9,11,2,1,,,,352.5,0,0,0,583.0
9,12,2,1,,,,353.0,0,0,0,483.0
9,13,2,1,,,,356.5,0,0,0,364.0
9,14,2,1,,,,355.5,0,0,0,260.0
9,15,2,1,,,,348.5,0,0,0,146.0
9,16,2,1,,,,338.0,0,0,0,63.0
9,17,2,1,,,,333.0,0,0,0,13.0
9,18,2,1,,,,321.5,0,0,0,0.0
9,19,2,1,,,,306.0,0,0,0,0.0
9,20,2,1,,,,286.0,0,0,0,0.0
9,21,2,1,,,,278.5,0,0,0,0.0
9,22,2,1,,,,276.0,0,0,0,0.0
9,23,2,1,,,,274.0,0,0,0,0.0
9,24,2,1,,,,275.0,0,0,0,0.0
9,1,3,1,,,,280.5,0,0,0,0.0
9,2,3,1,,,,279.0,0,0,0,0.0
9,3,3,1,,,,282.5,0,0,0,0.0
9,4,3,1,,,,289.0,0,0,0,0.0
9,5,3,1,,,,291.0,0,0,0,0.0
9,6,3,1,,,,297.5,0,0,0,37.0
9,7,3,1,,,,311.0,0,0,0,115.0
9,8,3,1,,,,332.5,0,0,0,228.0
9,9,3,1,,,,356.5,0,0,0,723.0
9,10,3,1,,,,357.5,0,0,0,816.0
9,11,3,1,,,,357.0,0,0,0,832.0
9,12,3,1,,,,357.0,0,0,0,826.0
9,13,3,1,,,,363.0,0,0,0,838.0
9,14,3,1,,,,355.0,0,0,0,811.0
9,15,3,1,,,,351.0,0,0,0,742.0
9,16,3,1,,,,343.5,0,0,0,522.0
9,17,3,1,,,,340.5,0,0,0,246.0
9,18,3,1,,,,321.5,0,0,0,0.0
9,19,3,1,,,,304.0,0,0,0,0.0
9,20,3,1,,,,283.5,0,0,0,0.0
9,21,3,1,,,,279.5,0,0,0,0.0
9,22,3,1,,,,277.0,0,0,0,0.0
9,23,3,1,,,,272.5,0,0,0,0.0
9,24,3,1,,,,276.0,0,0,0,0.0
9,1,4,1,,,,279.0,0,0,0,0.0
9,2,4,1,,,,279.0,0,0,0,0.0
9,3,4,1,,,,281.5,0,0,0,0.0
9,4,4,1,,,,288.5,0,0,0,0.0
9,5,4,1,,,,293.0,0,0,0,0.0
9,6,4,1,,,,298.0,0,0,0,69.0
9,7,4,1,,,,315.5,0,0,0,161.0
9,8,4,1,,,,336.0,0,0,0,229.0
9,9,4,1,,,,364.0,0,0,0,347.0
9,10,4,1,,,,355.5,0,0,0,489.0
9,11,4,1,,,,366.0,0,0,0,619.0
9,12,4,1,,,,360.5,0,0,0,631.0
9,13,4,1,,,,369.0,0,0,0,547.0
9,14,4,1,,,,366.5,0,0,0,426.0
9,15,4,1,,,,356.0,0,0,0,276.0
9,16,4,1,,,,342.5,0,0,0,130.0
9,17,4,1,,,,330.0,0,0,0,31.0
9,18,4,1,,,,320.5,0,0,0,0.0
9,19,4,1,,,,301.5,0,0,0,0.0
9,20,4,1,,,,285.0,0,0,0,0.0
9,21,4,1,,,,283.5,0,0,0,0.0
9,22,4,1,,,,283.5,0,0,0,0.0
9,23,4,1,,,,277.0,0,0,0,0.0
9,24,4,1,,,,279.5,0,0,0,0.0
9,1,5,1,,,,285.0,0,0,0,0.0
9,2,5,1,,,,286.5,0,0,0,0.0
9,3,5,1,,,,291.5,0,0,0,0.0
9,4,5,1,,,,295.5,0,0,0,0.0
9,5,5,1,,,,295.5,0,0,0,0.0
9,6,5,1,,,,305.5,0,0,0,50.0
9,7,5,1,,,,323.5,0,0,0,152.0
9,8,5,1,,,,345.5,0,0,0,260.0
9,9,5,1,,,,370.0,0,0,0,362.0
9,10,5,1,,,,365.0,0,0,0,419.0
9,11,5,1,,,,367.5,0,0,0,398.0
9,12,5,1,,,,368.5,0,0,0,370.0
9,13,5,1,,,,368.0,0,0,0,325.0
9,14,5,1,,,,373.5,0,0,0,243.0
9,15,5,1,,,,370.0,0,0,0,90.0
9,16,5,1,,,,353.5,0,0,0,31.0
9,17,5,1,,,,345.0,0,0,0,8.0
9,18,5,1,,,,319.0,0,0,0,0.0
9,19,5,1,,,,309.0,0,0,0,0.0
9,20,5,1,,,,285.5,0,0,0,0.0
9,21,5,1,,,,286.0,0,0,0,0.0
9,22,5,1,,,,284.0,0,0,0,0.0
9,23,5,1,,,,280.0,0,0,0,0.0
9,24,5,1,,,,280.5,0,0,0,0.0
9,1,6,1,,,,283.0,0,0,0,0.0
9,2,6,1,,,,282.5,0,0,0,0.0
9,3,6,1,,,,283.0,0,0,0,0.0
9,4,6,1,,,,286.5,0,0,0,0.0
9,5,6,1,,,,289.5,0,0,0,0.0
9,6,6,1,,,,300.5,0,0,0,214.0
9,7,6,1,,,,311.5,0,0,0,489.0
9,8,6,1,,,,332.0,0,0,0,757.0
9,9,6,1,,,,350.5,0,0,0,833.0
9,10,6,1,,,,346.5,0,0,0,865.0
9,11,6,1,,,,355.5,0,0,0,878.0
9,12,6,1,,,,351.5,0,0,0,878.0
9,13,6,1,,,,357.0,0,0,0,864.0
9,14,6,1,,,,369.0,0,0,0,829.0
9,15,6,1,,,,348.5,0,0,0,685.0
9,16,6,1,,,,329.0,0,0,0,463.0
9,17,6,1,,,,323.5,0,0,0,177.0
9,18,6,1,,,,313.0,0,0,0,0.0
9,19,6,1,,,,297.0,0,0,0,0.0
9,20,6,1,,,,274.0,0,0,0,0.0
9,21,6,1,,,,269.0,0,0,0,0.0
9,22,6,1,,,,267.5,0,0,0,0.0
9,23,6,1,,,,263.5,0,0,0,0.0
9,24,6,1,,,,264.5,0,0,0,0.0
9,1,7,1,,,,270.0,0,0,0,0.0
9,2,7,1,,,,271.0,0,0,0,0.0
9,3,7,1,,,,271.0,0,0,0,0.0
9,4,7,1,,,,268.0,0,0,0,0.0
9,5,7,1,,,,270.0,0,0,0,0.0
9,6,7,1,,,,278.0,0,0,0,30.0
9,7,7,1,,,,285.0,0,0,0,139.0
9,8,7,1,,,,288.0,0,0,0,277.0
9,9,7,1,,,,291.0,0,0,0,412.0
9,10,7,1,,,,297.5,0,0,0,554.0
9,11,7,1,,,,299.0,0,0,0,671.0
9,12,7,1,,,,286.5,0,0,0,701.0
9,13,7,1,,,,282.5,0,0,0,687.0
9,14,7,1,,,,279.5,0,0,0,625.0
9,15,7,1,,,,281.0,0,0,0,514.0
9,16,7,1,,,,277.0,0,0,0,339.0
9,17,7,1,,,,276.0,0,0,0,79.0
9,18,7,1,,,,275.5,0,0,0,0.0
9,19,7,1,,,,275.5,0,0,0,0.0
9,20,7,1,,,,266.5,0,0,0,0.0
9,21,7,1,,,,267.0,0,0,0,0.0
9,22,7,1,,,,266.0,0,0,0,0.0
9,23,7,1,,,,268.0,0,0,0,0.0
9,24,7,1,,,,266.0,0,0,0,0.0
9,1,1,1,,,,269.5,0,0,0,0.0
9,2,1,1,,,,272.0,0,0,0,0.0
9,3,1,1,,,,272.0,0,0,0,0.0
9,4,1,1,,,,270.0,0,0,0,0.0
9,5,1,1,,,,270.0,0,0,0,0.0
9,6,1,1,,,,269.5,0,0,0,148.0
9,7,1,1,,,,268.5,0,0,0,486.0
9,8,1,1,,,,273.0,0,0,0,677.0
9,9,1,1,,,,277.0,0,0,0,768.0
9,10,1,1,,,,280.5,0,0,0,810.0
9,11,1,1,,,,283.0,0,0,0,817.0
9,12,1,1,,,,280.5,0,0,0,789.0
9,13,1,1,,,,283.0,0,0,0,675.0
9,14,1,1,,,,283.0,0,0,0,366.0
9,15,1,1,,,,283.5,0,0,0,146.0
9,16,1,1,,,,276.0,0,0,0,62.0
9,17,1,1,,,,280.0,0,0,0,12.0
9,18,1,1,,,,277.0,0,0,0,0.0
9,19,1,1,,,,276.5,0,0,0,0.0
9,20,1,1,,,,266.5,0,0,0,0.0
9,21,1,1,,,,265.5,0,0,0,0.0
9,22,1,1,,,,264.0,0,0,0,0.0
9,23,1,1,,,,264.5,0,0,0,0.0
9,24,1,1,,,,263.0,0,0,0,0.0
9,1,2,1,,,,269.5,0,0,0,0.0
9,2,2,1,,,,271.0,0,0,0,0.0
9,3,2,1,,,,278.0,0,0,0,0.0
9,4,2,1,,,,281.5,0,0,0,0.0
9,5,2,1,,,,282.0,0,0,0,0.0
9,6,2,1,,,,294.0,0,0,0,3.0
9,7,2,1,,,,307.0,0,0,0,37.0
9,8,2,1,,,,332.0,0,0,0,125.0
9,9,2,1,,,,363.5,0,0,0,343.0
9,10,2,1,,,,365.0,0,0,0,551.0
9,11,2,1,,,,375.5,0,0,0,641.0
9,12,2,1,,,,385.5,0,0,0,650.0
9,13,2,1,,,,385.0,0,0,0,634.0
9,14,2,1,,,,388.0,0,0,0,540.0
9,15,2,1,,,,388.0,0,0,0,282.0
9,16,2,1,,,,373.5,0,0,0,84.0
9,17,2,1,,,,358.5,0,0,0,18.0
9,18,2,1,,,,337.5,0,0,0,0.0
9,19,2,1,,,,310.5,0,0,0,0.0
9,20,2,1,,,,289.0,0,0,0,0.0
9,21,2,1,,,,284.5,0,0,0,0.0
9,22,2,1,,,,276.0,0,0,0,0.0
9,23,2,1,,,,274.5,0,0,0,0.0
9,24,2,1,,,,272.0,0,0,0,0.0
9,1,3,1,,,,276.5,0,0,0,0.0
9,2,3,1,,,,277.0,0,0,0,0.0
9,3,3,1,,,,282.0,0,0,0,0.0
9,4,3,1,,,,288.5,0,0,0,0.0
9,5,3,1,,,,301.0,0,0,0,0.0
9,6,3,1,,,,306.0,0,0,0,52.0
9,7,3,1,,,,317.0,0,0,0,227.0
9,8,3,1,,,,344.5,0,0,0,453.0
9,9,3,1,,,,374.0,0,0,0,673.0
9,10,3,1,,,,379.5,0,0,0,745.0
9,11,3,1,,,,389.5,0,0,0,782.0
9,12,3,1,,,,381.0,0,0,0,751.0
9,13,3,1,,,,375.0,0,0,0,734.0
9,14,3,1,,,,394.5,0,0,0,637.0
9,15,3,1,,,,372.0,0,0,0,466.0
9,16,3,1,,,,359.0,0,0,0,180.0
9,17,3,1,,,,359.0,0,0,0,40.0
9,18,3,1,,,,345.0,0,0,0,0.0
9,19,3,1,,,,330.0,0,0,0,0.0
9,20,3,1,,,,297.5,0,0,0,0.0
9,21,3,1,,,,287.5,0,0,0,0.0
9,22,3,1,,,,285.0,0,0,0,0.0
9,23,3,1,,,,280.0,0,0,0,0.0
9,24,3,1,,,,280.5,0,0,0,0.0
9,1,4,1,,,,292.0,0,0,0,0.0
9,2,4,1,,,,291.5,0,0,0,0.0
9,3,4,1,,,,290.0,0,0,0,0.0
9,4,4,1,,,,296.0,0,0,0,0.0
9,5,4,1,,,,293.5,0,0,0,0.0
9,6,4,1,,,,303.0,0,0,0,33.0
9,7,4,1,,,,316.5,0,0,0,149.0
9,8,4,1,,,,338.5,0,0,0,280.0
9,9,4,1,,,,360.0,0,0,0,383.0
9,10,4,1,,,,372.5,0,0,0,515.0
9,11,4,1,,,,366.0,0,0,0,598.0
9,12,4,1,,,,385.5,0,0,0,565.0
9,13,4,1,,,,384.5,0,0,0,561.0
9,14,4,1,,,,379.0,0,0,0,486.0
9,15,4,1,,,,377.0,0,0,0,349.0
9,16,4,1,,,,375.0,0,0,0,189.0
9,17,4,1,,,,354.0,0,0,0,37.0
9,18,4,1,,,,348.0,0,0,0,0.0
9,19,4,1,,,,326.5,0,0,0,0.0
9,20,4,1,,,,302.5,0,0,0,0.0
9,21,4,1,,,,292.5,0,0,0,0.0
9,22,4,1,,,,291.0,0,0,0,0.0
9,23,4,1,,,,286.0,0,0,0,0.0
9,24,4,1,,,,285.5,0,0,0,0.0
9,1,5,1,,,,293.0,0,0,0,0.0
9,2,5,1,,,,292.5,0,0,0,0.0
9,3,5,1,,,,297.5,0,0,0,0.0
9,4,5,1,,,,307.5,0,0,0,0.0
9,5,5,1,,,,308.0,0,0,0,0.0
9,6,5,1,,,,320.0,0,0,0,78.0
9,7,5,1,,,,337.0,0,0,0,355.0
9,8,5,1,,,,375.5,0,0,0,560.0
9,9,5,1,,,,395.0,0,0,0,461.0
9,10,5,1,,,,391.0,0,0,0,405.0
9,11,5,1,,,,397.0,0,0,0,625.0
9,12,5,1,,,,382.0,0,0,0,750.0
9,13,5,1,,,,387.5,0,0,0,770.0
9,14,5,1,,,,385.0,0,0,0,653.0
9,15,5,1,,,,371.0,0,0,0,402.0
9,16,5,1,,,,357.5,0,0,0,109.0
9,17,5,1,,,,347.0,0,0,0,11.0
9,18,5,1,,,,334.0,0,0,0,0.0
9,19,5,1,,,,314.5,0,0,0,0.0
9,20,5,1,,,,286.5,0,0,0,0.0
9,21,5,1,,,,281.5,0,0,0,0.0
9,22,5,1,,,,279.5,0,0,0,0.0
9,23,5,1,,,,284.5,0,0,0,0.0
9,24,5,1,,,,284.5,0,0,0,0.0
9,1,6,1,,,,288.0,0,0,0,0.0
9,2,6,1,,,,286.5,0,0,0,0.0
9,3,6,1,,,,292.5,0,0,0,0.0
9,4,6,1,,,,304.5,0,0,0,0.0
9,5,6,1,,,,313.5,0,0,0,0.0
9,6,6,1,,,,327.0,0,0,0,26.0
9,7,6,1,,,,359.0,0,0,0,83.0
9,8,6,1,,,,398.0,0,0,0,109.0
9,9,6,1,,,,411.0,0,0,0,329.0
9,10,6,1,,,,382.5,0,0,0,489.0
9,11,6,1,,,,373.5,0,0,0,490.0
9,12,6,1,,,,369.5,0,0,0,313.0
9,13,6,1,,,,371.0,0,0,0,163.0
9,14,6,1,,,,350.0,0,0,0,102.0
9,15,6,1,,,,357.0,0,0,0,84.0
9,16,6,1,,,,340.5,0,0,0,52.0
9,17,6,1,,,,328.5,0,0,0,21.0
9,18,6,1,,,,314.0,0,0,0,0.0
9,19,6,1,,,,291.5,0,0,0,0.0
9,20,6,1,,,,275.0,0,0,0,0.0
9,21,6,1,,,,270.5,0,0,0,0.0
9,22,6,1,,,,269.0,0,0,0,0.0
9,23,6,1,,,,265.5,0,0,0,0.0
9,24,6,1,,,,263.5,0,0,0,0.0
9,1,7,1,,,,267.0,0,0,0,0.0
9,2,7,1,,,,270.0,0,0,0,0.0
9,3,7,1,,,,269.5,0,0,0,0.0
9,4,7,1,,,,270.0,0,0,0,0.0
9,5,7,1,,,,265.5,0,0,0,0.0
9,6,7,1,,,,276.0,0,0,0,1.0
9,7,7,1,,,,281.0,0,0,0,43.0
9,8,7,1,,,,286.0,0,0,0,212.0
9,9,7,1,,,,288.0,0,0,0,513.0
9,10,7,1,,,,292.0,0,0,0,643.0
9,11,7,1,,,,299.0,0,0,0,609.0
9,12,7,1,,,,292.5,0,0,0,557.0
9,13,7,1,,,,285.5,0,0,0,494.0
9,14,7,1,,,,280.0,0,0,0,472.0
9,15,7,1,,,,272.5,0,0,0,389.0
9,16,7,1,,,,270.5,0,0,0,157.0
9,17,7,1,,,,273.0,0,0,0,24.0
9,18,7,1,,,,272.0,0,0,0,0.0
9,19,7,1,,,,270.0,0,0,0,0.0
9,20,7,1,,,,261.0,0,0,0,0.0
9,21,7,1,,,,267.5,0,0,0,0.0
9,22,7,1,,,,268.5,0,0,0,0.0
9,23,7,1,,,,266.5,0,0,0,0.0
9,24,7,1,,,,265.5,0,0,0,0.0
10,1,1,1,,,,269.5,0,0,0,0.0
10,2,1,1,,,,270.0,0,0,0,0.0
10,3,1,1,,,,270.5,0,0,0,0.0
10,4,1,1,,,,270.5,0,0,0,0.0
10,5,1,1,,,,270.5,0,0,0,0.0
10,6,1,1,,,,274.5,0,0,0,3.0
10,7,1,1,,,,272.5,0,0,0,52.0
10,8,1,1,,,,273.5,0,0,0,112.0
10,9,1,1,,,,276.5,0,0,0,195.0
10,10,1,1,,,,280.0,0,0,0,215.0
10,11,1,1,,,,286.5,0,0,0,170.0
10,12,1,1,,,,282.0,0,0,0,150.0
10,13,1,1,,,,284.0,0,0,0,118.0
10,14,1,1,,,,285.0,0,0,0,73.0
10,15,1,1,,,,286.0,0,0,0,49.0
10,16,1,1,,,,287.5,0,0,0,28.0
10,17,1,1,,,,289.5,0,0,0,3.0
10,18,1,1,,,,293.0,0,0,0,0.0
10,19,1,1,,,,287.5,0,0,0,0.0
10,20,1,1,,,,283.0,0,0,0,0.0
10,21,1,1,,,,282.0,0,0,0,0.0
10,22,1,1,,,,278.5,0,0,0,0.0
10,23,1,1,,,,278.0,0,0,0,0.0
10,24,1,1,,,,273.5,0,0,0,0.0
10,1,2,1,,,,270.5,0,0,0,0.0
10,2,2,1,,,,267.5,0,0,0,0.0
10,3,2,1,,,,273.0,0,0,0,0.0
10,4,2,1,,,,277.5,0,0,0,0.0
10,5,2,1,,,,280.0,0,0,0,0.0
10,6,2,1,,,,292.0,0,0,0,60.0
10,7,2,1,,,,312.0,0,0,0,303.0
10,8,2,1,,,,329.5,0,0,0,412.0
10,9,2,1,,,,353.0,0,0,0,611.0
10,10,2,1,,,,346.5,0,0,0,615.0
10,11,2,1,,,,350.0,0,0,0,557.0
10,12,2,1,,,,344.0,0,0,0,660.0
10,13,2,1,,,,346.5,0,0,0,751.0
10,14,2,1,,,,343.5,0,0,0,288.0
10,15,2,1,,,,341.5,0,0,0,124.0
10,16,2,1,,,,331.0,0,0,0,53.0
10,17,2,1,,,,324.0,0,0,0,3.0
10,18,2,1,,,,305.5,0,0,0,0.0
10,19,2,1,,,,292.5,0,0,0,0.0
10,20,2,1,,,,280.0,0,0,0,0.0
10,21,2,1,,,,275.0,0,0,0,0.0
10,22,2,1,,,,273.5,0,0,0,0.0
10,23,2,1,,,,269.0,0,0,0,0.0
10,24,2,1,,,,269.5,0,0,0,0.0
10,1,3,1,,,,275.0,0,0,0,0.0
10,2,3,1,,,,274.5,0,0,0,0.0
10,3,3,1,,,,280.0,0,0,0,0.0
10,4,3,1,,,,285.0,0,0,0,0.0
10,5,3,1,,,,286.0,0,0,0,0.0
10,6,3,1,,,,297.5,0,0,0,45.0
10,7,3,1,,,,309.5,0,0,0,311.0
10,8,3,1,,,,331.0,0,0,0,639.0
10,9,3,1,,,,349.5,0,0,0,757.0
10,10,3,1,,,,343.5,0,0,0,805.0
10,11,3,1,,,,347.5,0,0,0,828.0
10,12,3,1,,,,349.0,0,0,0,830.0
10,13,3,1,,,,348.0,0,0,0,815.0
10,14,3,1,,,,352.5,0,0,0,764.0
10,15,3,1,,,,344.0,0,0,0,641.0
10,16,3,1,,,,339.5,0,0,0,245.0
10,17,3,1,,,,327.5,0,0,0,3.0
10,18,3,1,,,,316.0,0,0,0,0.0
10,19,3,1,,,,295.5,0,0,0,0.0
10,20,3,1,,,,275.0,0,0,0,0.0
10,21,3,1,,,,271.5,0,0,0,0.0
10,22,3,1,,,,269.5,0,0,0,0.0
10,23,3,1,,,,266.5,0,0,0,0.0
10,24,3,1,,,,266.0,0,0,0,0.0
10,1,4,1,,,,271.5,0,0,0,0.0
10,2,4,1,,,,271.0,0,0,0,0.0
10,3,4,1,,,,274.0,0,0,0,0.0
10,4,4,1,,,,283.0,0,0,0,0.0
10,5,4,1,,,,286.5,0,0,0,0.0
10,6,4,1,,,,294.0,0,0,0,12.0
10,7,4,1,,,,307.0,0,0,0,84.0
10,8,4,1,,,,331.5,0,0,0,228.0
10,9,4,1,,,,348.0,0,0,0,332.0
10,10,4,1,,,,335.5,0,0,0,485.0
10,11,4,1,,,,342.5,0,0,0,554.0
10,12,4,1,,,,354.5,0,0,0,597.0
10,13,4,1,,,,353.5,0,0,0,514.0
10,14,4,1,,,,349.0,0,0,0,266.0
10,15,4,1,,,,341.5,0,0,0,206.0
10,16,4,1,,,,335.0,0,0,0,101.0
10,17,4,1,,,,326.5,0,0,0,5.0
10,18,4,1,,,,313.0,0,0,0,0.0
10,19,4,1,,,,301.5,0,0,0,0.0
10,20,4,1,,,,282.0,0,0,0,0.0
10,21,4,1,,,,275.5,0,0,0,0.0
10,22,4,1,,,,271.0,0,0,0,0.0
10,23,4,1,,,,270.0,0,0,0,0.0
10,24,4,1,,,,269.0,0,0,0,0.0
10,1,5,1,,,,273.0,0,0,0,0.0
10,2,5,1,,,,275.5,0,0,0,0.0
10,3,5,1,,,,283.0,0,0,0,0.0
10,4,5,1,,,,287.5,0,0,0,0.0
10,5,5,1,,,,293.5,0,0,0,0.0
10,6,5,1,,,,303.0,0,0,0,13.0
10,7,5,1,,,,313.0,0,0,0,173.0
10,8,5,1,,,,342.5,0,0,0,441.0
10,9,5,1,,,,345.5,0,0,0,738.0
10,10,5,1,,,,345.0,0,0,0,811.0
10,11,5,1,,,,349.5,0,0,0,860.0
10,12,5,1,,,,352.0,0,0,0,885.0
10,13,5,1,,,,350.0,0,0,0,866.0
10,14,5,1,,,,364.0,0,0,0,821.0
10,15,5,1,,,,354.5,0,0,0,719.0
10,16,5,1,,,,342.0,0,0,0,339.0
10,17,5,1,,,,334.5,0,0,0,29.0
10,18,5,1,,,,315.5,0,0,0,0.0
10,19,5,1,,,,301.0,0,0,0,0.0
10,20,5,1,,,,279.0,0,0,0,0.0
10,21,5,1,,,,273.5,0,0,0,0.0
10,22,5,1,,,,272.0,0,0,0,0.0
10,23,5,1,,,,269.5,0,0,0,0.0
10,24,5,1,,,,269.0,0,0,0,0.0
10,1,6,1,,,,276.5,0,0,0,0.0
10,2,6,1,,,,273.0,0,0,0,0.0
10,3,6,1,,,,279.0,0,0,0,0.0
10,4,6,1,,,,286.5,0,0,0,0.0
10,5,6,1,,,,288.5,0,0,0,0.0
10,6,6,1,,,,299.0,0,0,0,16.0
10,7,6,1,,,,313.0,0,0,0,210.0
10,8,6,1,,,,339.5,0,0,0,689.0
10,9,6,1,,,,351.0,0,0,0,804.0
10,10,6,1,,,,354.5,0,0,0,854.0
10,11,6,1,,,,357.5,0,0,0,881.0
10,12,6,1,,,,349.0,0,0,0,889.0
10,13,6,1,,,,352.0,0,0,0,875.0
10,14,6,1,,,,356.0,0,0,0,654.0
10,15,6,1,,,,340.0,0,0,0,276.0
10,16,6,1,,,,332.0,0,0,0,83.0
10,17,6,1,,,,327.0,0,0,0,1.0
10,18,6,1,,,,309.5,0,0,0,0.0
10,19,6,1,,,,297.5,0,0,0,0.0
10,20,6,1,,,,278.0,0,0,0,0.0
10,21,6,1,,,,270.0,0,0,0,0.0
10,22,6,1,,,,270.0,0,0,0,0.0
10,23,6,1,,,,265.0,0,0,0,0.0
10,24,6,1,,,,268.0,0,0,0,0.0
10,1,7,1,,,,271.0,0,0,0,0.0
10,2,7,1,,,,272.0,0,0,0,0.0
10,3,7,1,,,,269.5,0,0,0,0.0
10,4,7,1,,,,270.0,0,0,0,0.0
10,5,7,1,,,,270.0,0,0,0,0.0
10,6,7,1,,,,279.5,0,0,0,0.0
10,7,7,1,,,,282.0,0,0,0,12.0
10,8,7,1,,,,286.0,0,0,0,43.0
10,9,7,1,,,,290.0,0,0,0,133.0
10,10,7,1,,,,295.5,0,0,0,275.0
10,11,7,1,,,,302.5,0,0,0,301.0
10,12,7,1,,,,297.5,0,0,0,197.0
10,13,7,1,,,,291.5,0,0,0,101.0
10,14,7,1,,,,290.5,0,0,0,64.0
10,15,7,1,,,,276.5,0,0,0,46.0
10,16,7,1,,,,275.5,0,0,0,17.0
10,17,7,1,,,,280.5,0,0,0,1.0
10,18,7,1,,,,278.5,0,0,0,0.0
10,19,7,1,,,,278.0,0,0,0,0.0
10,20,7,1,,,,268.5,0,0,0,0.0
10,21,7,1,,,,267.0,0,0,0,0.0
10,22,7,1,,,,265.5,0,0,0,0.0
10,23,7,1,,,,264.0,0,0,0,0.0
10,24,7,1,,,,265.0,0,0,0,0.0
10,1,1,1,,,,269.5,0,0,0,0.0
10,2,1,1,,,,270.0,0,0,0,0.0
10,3,1,1,,,,270.0,0,0,0,0.0
10,4,1,1,,,,268.5,0,0,0,0.0
10,5,1,1,,,,268.0,0,0,0,0.0
10,6,1,1,,,,266.5,0,0,0,18.0
10,7,1,1,,,,266.5,0,0,0,263.0
10,8,1,1,,,,271.0,0,0,0,548.0
10,9,1,1,,,,273.5,0,0,0,676.0
10,10,1,1,,,,274.5,0,0,0,724.0
10,11,1,1,,,,279.5,0,0,0,736.0
10,12,1,1,,,,284.0,0,0,0,782.0
10,13,1,1,,,,283.5,0,0,0,692.0
10,14,1,1,,,,283.0,0,0,0,399.0
10,15,1,1,,,,282.0,0,0,0,221.0
10,16,1,1,,,,278.5,0,0,0,103.0
10,17,1,1,,,,280.0,0,0,0,3.0
10,18,1,1,,,,276.5,0,0,0,0.0
10,19,1,1,,,,274.0,0,0,0,0.0
10,20,1,1,,,,270.0,0,0,0,0.0
10,21,1,1,,,,266.0,0,0,0,0.0
10,22,1,1,,,,265.0,0,0,0,0.0
10,23,1,1,,,,264.5,0,0,0,0.0
10,24,1,1,,,,262.5,0,0,0,0.0
10,1,2,1,,,,269.5,0,0,0,0.0
10,2,2,1,,,,273.0,0,0,0,0.0
10,3,2,1,,,,279.0,0,0,0,0.0
10,4,2,1,,,,281.0,0,0,0,0.0
10,5,2,1,,,,286.0,0,0,0,0.0
10,6,2,1,,,,292.5,0,0,0,0.0
10,7,2,1,,,,311.5,0,0,0,20.0
10,8,2,1,,,,344.0,0,0,0,42.0
10,9,2,1,,,,351.5,0,0,0,71.0
10,10,2,1,,,,362.5,0,0,0,141.0
10,11,2,1,,,,374.5,0,0,0,221.0
10,12,2,1,,,,362.0,0,0,0,272.0
10,13,2,1,,,,365.0,0,0,0,286.0
10,14,2,1,,,,373.0,0,0,0,220.0
10,15,2,1,,,,363.0,0,0,0,164.0
10,16,2,1,,,,357.5,0,0,0,84.0
10,17,2,1,,,,331.5,0,0,0,2.0
10,18,2,1,,,,322.0,0,0,0,0.0
10,19,2,1,,,,300.5,0,0,0,0.0
10,20,2,1,,,,283.0,0,0,0,0.0
10,21,2,1,,,,275.0,0,0,0,0.0
10,22,2,1,,,,272.0,0,0,0,0.0
10,23,2,1,,,,271.5,0,0,0,0.0
10,24,2,1,,,,271.5,0,0,0,0.0
10,1,3,1,,,,276.5,0,0,0,0.0
10,2,3,1,,,,276.0,0,0,0,0.0
10,3,3,1,,,,279.0,0,0,0,0.0
10,4,3,1,,,,289.5,0,0,0,0.0
10,5,3,1,,,,290.0,0,0,0,0.0
10,6,3,1,,,,298.5,0,0,0,0.0
10,7,3,1,,,,314.5,0,0,0,59.0
10,8,3,1,,,,329.0,0,0,0,296.0
10,9,3,1,,,,348.5,0,0,0,500.0
10,10,3,1,,,,361.0,0,0,0,400.0
10,11,3,1,,,,371.0,0,0,0,379.0
10,12,3,1,,,,370.0,0,0,0,420.0
10,13,3,1,,,,361.0,0,0,0,460.0
10,14,3,1,,,,360.5,0,0,0,506.0
10,15,3,1,,,,357.5,0,0,0,440.0
10,16,3,1,,,,337.0,0,0,0,151.0
10,17,3,1,,,,331.0,0,0,0,1.0
10,18,3,1,,,,311.5,0,0,0,0.0
10,19,3,1,,,,292.0,0,0,0,0.0
10,20,3,1,,,,274.0,0,0,0,0.0
10,21,3,1,,,,271.5,0,0,0,0.0
10,22,3,1,,,,268.5,0,0,0,0.0
10,23,3,1,,,,266.0,0,0,0,0.0
10,24,3,1,,,,266.0,0,0,0,0.0
10,1,4,1,,,,273.0,0,0,0,0.0
10,2,4,1,,,,273.0,0,0,0,0.0
10,3,4,1,,,,282.5,0,0,0,0.0
10,4,4,1,,,,287.0,0,0,0,0.0
10,5,4,1,,,,288.5,0,0,0,0.0
10,6,4,1,,,,297.0,0,0,0,3.0
10,7,4,1,,,,317.5,0,0,0,78.0
10,8,4,1,,,,346.5,0,0,0,285.0
10,9,4,1,,,,366.0,0,0,0,382.0
10,10,4,1,,,,355.5,0,0,0,538.0
10,11,4,1,,,,352.0,0,0,0,543.0
10,12,4,1,,,,342.5,0,0,0,450.0
10,13,4,1,,,,343.0,0,0,0,296.0
10,14,4,1,,,,352.5,0,0,0,199.0
10,15,4,1,,,,343.0,0,0,0,100.0
10,16,4,1,,,,340.0,0,0,0,24.0
10,17,4,1,,,,330.5,0,0,0,0.0
10,18,4,1,,,,314.0,0,0,0,0.0
10,19,4,1,,,,301.5,0,0,0,0.0
10,20,4,1,,,,280.5,0,0,0,0.0
10,21,4,1,,,,270.5,0,0,0,0.0
10,22,4,1,,,,272.5,0,0,0,0.0
10,23,4,1,,,,268.5,0,0,0,0.0
10,24,4,1,,,,267.5,0,0,0,0.0
10,1,5,1,,,,274.5,0,0,0,0.0
10,2,5,1,,,,271.0,0,0,0,0.0
10,3,5,1,,,,274.0,0,0,0,0.0
10,4,5,1,,,,280.5,0,0,0,0.0
10,5,5,1,,,,284.0,0,0,0,0.0
10,6,5,1,,,,292.5,0,0,0,0.0
10,7,5,1,,,,313.0,0,0,0,42.0
10,8,5,1,,,,339.0,0,0,0,189.0
10,9,5,1,,,,348.5,0,0,0,520.0
10,10,5,1,,,,353.0,0,0,0,506.0
10,11,5,1,,,,350.0,0,0,0,476.0
10,12,5,1,,,,348.5,0,0,0,570.0
10,13,5,1,,,,347.0,0,0,0,624.0
10,14,5,1,,,,357.0,0,0,0,619.0
10,15,5,1,,,,346.0,0,0,0,590.0
10,16,5,1,,,,345.0,0,0,0,371.0
10,17,5,1,,,,332.5,0,0,0,5.0
10,18,5,1,,,,315.0,0,0,0,0.0
10,19,5,1,,,,303.5,0,0,0,0.0
10,20,5,1,,,,279.5,0,0,0,0.0
10,21,5,1,,,,272.0,0,0,0,0.0
10,22,5,1,,,,270.5,0,0,0,0.0
10,23,5,1,,,,268.5,0,0,0,0.0
10,24,5,1,,,,265.5,0,0,0,0.0
10,1,6,1,,,,274.0,0,0,0,0.0
10,2,6,1,,,,275.5,0,0,0,0.0
10,3,6,1,,,,279.0,0,0,0,0.0
10,4,6,1,,,,288.0,0,0,0,0.0
10,5,6,1,,,,289.0,0,0,0,0.0
10,6,6,1,,,,298.5,0,0,0,0.0
10,7,6,1,,,,319.0,0,0,0,78.0
10,8,6,1,,,,341.0,0,0,0,256.0
10,9,6,1,,,,365.5,0,0,0,310.0
10,10,6,1,,,,349.5,0,0,0,213.0
10,11,6,1,,,,351.5,0,0,0,218.0
10,12,6,1,,,,347.5,0,0,0,353.0
10,13,6,1,,,,353.0,0,0,0,390.0
10,14,6,1,,,,345.5,0,0,0,332.0
10,15,6,1,,,,360.0,0,0,0,250.0
10,16,6,1,,,,358.5,0,0,0,207.0
10,17,6,1,,,,332.5,0,0,0,2.0
10,18,6,1,,,,320.5,0,0,0,0.0
10,19,6,1,,,,302.5,0,0,0,0.0
10,20,6,1,,,,286.0,0,0,0,0.0
10,21,6,1,,,,282.5,0,0,0,0.0
10,22,6,1,,,,282.0,0,0,0,0.0
10,23,6,1,,,,274.5,0,0,0,0.0
10,24,6,1,,,,275.0,0,0,0,0.0
10,1,7,1,,,,281.0,0,0,0,0.0
10,2,7,1,,,,277.5,0,0,0,0.0
10,3,7,1,,,,281.5,0,0,0,0.0
10,4,7,1,,,,279.5,0,0,0,0.0
10,5,7,1,,,,277.0,0,0,0,0.0
10,6,7,1,,,,288.5,0,0,0,2.0
10,7,7,1,,,,291.0,0,0,0,271.0
10,8,7,1,,,,295.0,0,0,0,558.0
10,9,7,1,,,,298.5,0,0,0,695.0
10,10,7,1,,,,310.5,0,0,0,757.0
10,11,7,1,,,,308.5,0,0,0,785.0
10,12,7,1,,,,307.5,0,0,0,781.0
10,13,7,1,,,,308.0,0,0,0,765.0
10,14,7,1,,,,295.0,0,0,0,705.0
10,15,7,1,,,,286.0,0,0,0,530.0
10,16,7,1,,,,285.0,0,0,0,354.0
10,17,7,1,,,,284.0,0,0,0,4.0
10,18,7,1,,,,283.5,0,0,0,0.0
10,19,7,1,,,,281.5,0,0,0,0.0
10,20,7,1,,,,275.0,0,0,0,0.0
10,21,7,1,,,,268.5,0,0,0,0.0
10,22,7,1,,,,262.0,0,0,0,0.0
10,23,7,1,,,,260.0,0,0,0,0.0
10,24,7,1,,,,266.0,0,0,0,0.0
10,1,1,1,,,,270.0,0,0,0,0.0
10,2,1,1,,,,270.0,0,0,0,0.0
10,3,1,1,,,,267.0,0,0,0,0.0
10,4,1,1,,,,266.5,0,0,0,0.0
10,5,1,1,,,,267.0,0,0,0,0.0
10,6,1,1,,,,265.5,0,0,0,0.0
10,7,1,1,,,,268.0,0,0,0,200.0
10,8,1,1,,,,271.5,0,0,0,484.0
10,9,1,1,,,,275.0,0,0,0,642.0
10,10,1,1,,,,276.0,0,0,0,720.0
10,11,1,1,,,,276.5,0,0,0,751.0
10,12,1,1,,,,279.0,0,0,0,729.0
10,13,1,1,,,,278.5,0,0,0,668.0
10,14,1,1,,,,282.5,0,0,0,549.0
10,15,1,1,,,,279.5,0,0,0,373.0
10,16,1,1,,,,280.5,0,0,0,172.0
10,17,1,1,,,,283.5,0,0,0,3.0
10,18,1,1,,,,280.0,0,0,0,0.0
10,19,1,1,,,,271.0,0,0,0,0.0
10,20,1,1,,,,266.5,0,0,0,0.0
10,21,1,1,,,,265.5,0,0,0,0.0
10,22,1,1,,,,265.0,0,0,0,0.0
10,23,1,1,,,,262.0,0,0,0,0.0
10,24,1,1,,,,263.0,0,0,0,0.0
10,1,2,1,,,,270.5,0,0,0,0.0
10,2,2,1,,,,271.0,0,0,0,0.0
10,3,2,1,,,,277.0,0,0,0,0.0
10,4,2,1,,,,283.5,0,0,0,0.0
10,5,2,1,,,,285.0,0,0,0,0.0
10,6,2,1,,,,292.0,0,0,0,0.0
10,7,2,1,,,,312.0,0,0,0,10.0
10,8,2,1,,,,357.0,0,0,0,36.0
10,9,2,1,,,,361.0,0,0,0,99.0
10,10,2,1,,,,365.0,0,0,0,344.0
10,11,2,1,,,,380.5,0,0,0,599.0
10,12,2,1,,,,383.5,0,0,0,618.0
10,13,2,1,,,,368.0,0,0,0,497.0
10,14,2,1,,,,370.0,0,0,0,472.0
10,15,2,1,,,,356.5,0,0,0,383.0
10,16,2,1,,,,329.0,0,0,0,207.0
10,17,2,1,,,,323.0,0,0,0,0.0
10,18,2,1,,,,303.5,0,0,0,0.0
10,19,2,1,,,,285.5,0,0,0,0.0
10,20,2,1,,,,267.0,0,0,0,0.0
10,21,2,1,,,,269.5,0,0,0,0.0
10,22,2,1,,,,265.0,0,0,0,0.0
10,23,2,1,,,,268.5,0,0,0,0.0
10,24,2,1,,,,265.5,0,0,0,0.0
10,1,3,1,,,,268.5,0,0,0,0.0
10,2,3,1,,,,265.5,0,0,0,0.0
10,3,3,1,,,,270.5,0,0,0,0.0
10,4,3,1,,,,276.0,0,0,0,0.0
10,5,3,1,,,,280.5,0,0,0,0.0
10,6,3,1,,,,290.0,0,0,0,0.0
10,7,3,1,,,,308.0,0,0,0,63.0
10,8,3,1,,,,334.0,0,0,0,380.0
10,9,3,1,,,,348.5,0,0,0,519.0
10,10,3,1,,,,348.5,0,0,0,461.0
10,11,3,1,,,,361.0,0,0,0,361.0
10,12,3,1,,,,348.0,0,0,0,419.0
10,13,3,1,,,,344.5,0,0,0,457.0
10,14,3,1,,,,346.0,0,0,0,304.0
10,15,3,1,,,,348.5,0,0,0,109.0
10,16,3,1,,,,338.0,0,0,0,44.0
10,17,3,1,,,,324.5,0,0,0,0.0
10,18,3,1,,,,310.5,0,0,0,0.0
10,19,3,1,,,,296.0,0,0,0,0.0
10,20,3,1,,,,279.0,0,0,0,0.0
10,21,3,1,,,,269.5,0,0,0,0.0
10,22,3,1,,,,267.5,0,0,0,0.0
10,23,3,1,,,,265.0,0,0,0,0.0
10,24,3,1,,,,267.5,0,0,0,0.0
10,1,4,1,,,,273.0,0,0,0,0.0
10,2,4,1,,,,273.0,0,0,0,0.0
10,3,4,1,,,,275.5,0,0,0,0.0
10,4,4,1,,,,282.5,0,0,0,0.0
10,5,4,1,,,,285.0,0,0,0,0.0
10,6,4,1,,,,293.0,0,0,0,0.0
10,7,4,1,,,,311.5,0,0,0,6.0
10,8,4,1,,,,331.5,0,0,0,28.0
10,9,4,1,,,,345.5,0,0,0,54.0
10,10,4,1,,,,351.0,0,0,0,78.0
10,11,4,1,,,,346.5,0,0,0,83.0
10,12,4,1,,,,346.0,0,0,0,77.0
10,13,4,1,,,,358.0,0,0,0,66.0
10,14,4,1,,,,352.0,0,0,0,60.0
10,15,4,1,,,,350.5,0,0,0,53.0
10,16,4,1,,,,337.5,0,0,0,25.0
10,17,4,1,,,,324.5,0,0,0,0.0
10,18,4,1,,,,313.5,0,0,0,0.0
10,19,4,1,,,,303.0,0,0,0,0.0
10,20,4,1,,,,277.5,0,0,0,0.0
10,21,4,1,,,,272.0,0,0,0,0.0
10,22,4,1,,,,272.5,0,0,0,0.0
10,23,4,1,,,,270.0,0,0,0,0.0
10,24,4,1,,,,273.5,0,0,0,0.0
10,1,5,1,,,,281.0,0,0,0,0.0
10,2,5,1,,,,280.0,0,0,0,0.0
10,3,5,1,,,,288.5,0,0,0,0.0
10,4,5,1,,,,299.5,0,0,0,0.0
10,5,5,1,,,,298.0,0,0,0,0.0
10,6,5,1,,,,305.0,0,0,0,0.0
10,7,5,1,,,,322.5,0,0,0,19.0
10,8,5,1,,,,357.5,0,0,0,79.0
10,9,5,1,,,,370.0,0,0,0,129.0
10,10,5,1,,,,371.5,0,0,0,201.0
10,11,5,1,,,,377.0,0,0,0,327.0
10,12,5,1,,,,373.5,0,0,0,392.0
10,13,5,1,,,,375.5,0,0,0,321.0
10,14,5,1,,,,379.5,0,0,0,188.0
10,15,5,1,,,,376.5,0,0,0,105.0
10,16,5,1,,,,373.5,0,0,0,34.0
10,17,5,1,,,,363.0,0,0,0,0.0
10,18,5,1,,,,341.0,0,0,0,0.0
10,19,5,1,,,,324.5,0,0,0,0.0
10,20,5,1,,,,299.5,0,0,0,0.0
10,21,5,1,,,,296.0,0,0,0,0.0
10,22,5,1,,,,293.0,0,0,0,0.0
10,23,5,1,,,,280.5,0,0,0,0.0
10,24,5,1,,,,280.5,0,0,0,0.0
10,1,6,1,,,,291.0,0,0,0,0.0
10,2,6,1,,,,284.5,0,0,0,0.0
10,3,6,1,,,,286.0,0,0,0,0.0
10,4,6,1,,,,294.0,0,0,0,0.0
10,5,6,1,,,,292.5,0,0,0,0.0
10,6,6,1,,,,299.0,0,0,0,0.0
10,7,6,1,,,,321.5,0,0,0,43.0
10,8,6,1,,,,347.5,0,0,0,225.0
10,9,6,1,,,,362.5,0,0,0,319.0
10,10,6,1,,,,366.5,0,0,0,344.0
10,11,6,1,,,,373.5,0,0,0,327.0
10,12,6,1,,,,357.0,0,0,0,311.0
10,13,6,1,,,,359.0,0,0,0,184.0
10,14,6,1,,,,351.5,0,0,0,156.0
10,15,6,1,,,,347.5,0,0,0,286.0
10,16,6,1,,,,343.5,0,0,0,172.0
10,17,6,1,,,,329.5,0,0,0,0.0
10,18,6,1,,,,312.0,0,0,0,0.0
10,19,6,1,,,,294.5,0,0,0,0.0
10,20,6,1,,,,274.0,0,0,0,0.0
10,21,6,1,,,,273.5,0,0,0,0.0
10,22,6,1,,,,272.5,0,0,0,0.0
10,23,6,1,,,,268.5,0,0,0,0.0
10,24,6,1,,,,271.0,0,0,0,0.0
10,1,7,1,,,,276.0,0,0,0,0.0
10,2,7,1,,,,276.0,0,0,0,0.0
10,3,7,1,,,,277.5,0,0,0,0.0
10,4,7,1,,,,277.0,0,0,0,0.0
10,5,7,1,,,,273.0,0,0,0,0.0
10,6,7,1,,,,283.0,0,0,0,0.0
10,7,7,1,,,,284.5,0,0,0,95.0
10,8,7,1,,,,289.0,0,0,0,280.0
10,9,7,1,,,,293.0,0,0,0,484.0
10,10,7,1,,,,292.5,0,0,0,641.0
10,11,7,1,,,,294.0,0,0,0,684.0
10,12,7,1,,,,294.0,0,0,0,633.0
10,13,7,1,,,,286.0,0,0,0,567.0
10,14,7,1,,,,287.5,0,0,0,517.0
10,15,7,1,,,,284.0,0,0,0,265.0
10,16,7,1,,,,285.5,0,0,0,44.0
10,17,7,1,,,,284.0,0,0,0,0.0
10,18,7,1,,,,280.5,0,0,0,0.0
10,19,7,1,,,,279.5,0,0,0,0.0
10,20,7,1,,,,271.0,0,0,0,0.0
10,21,7,1,,,,270.5,0,0,0,0.0
10,22,7,1,,,,267.0,0,0,0,0.0
10,23,7,1,,,,272.5,0,0,0,0.0
10,24,7,1,,,,269.5,0,0,0,0.0
10,1,1,1,,,,272.0,0,0,0,0.0
10,2,1,1,,,,273.0,0,0,0,0.0
10,3,1,1,,,,274.0,0,0,0,0.0
10,4,1,1,,,,274.0,0,0,0,0.0
10,5,1,1,,,,270.0,0,0,0,0.0
10,6,1,1,,,,272.0,0,0,0,0.0
10,7,1,1,,,,271.0,0,0,0,9.0
10,8,1,1,,,,273.5,0,0,0,58.0
10,9,1,1,,,,279.0,0,0,0,142.0
10,10,1,1,,,,280.0,0,0,0,325.0
10,11,1,1,,,,280.0,0,0,0,458.0
10,12,1,1,,,,283.5,0,0,0,461.0
10,13,1,1,,,,283.5,0,0,0,497.0
10,14,1,1,,,,283.0,0,0,0,457.0
10,15,1,1,,,,280.0,0,0,0,385.0
10,16,1,1,,,,284.0,0,0,0,150.0
10,17,1,1,,,,279.5,0,0,0,0.0
10,18,1,1,,,,279.0,0,0,0,0.0
10,19,1,1,,,,275.0,0,0,0,0.0
10,20,1,1,,,,272.0,0,0,0,0.0
10,21,1,1,,,,270.0,0,0,0,0.0
10,22,1,1,,,,269.5,0,0,0,0.0
10,23,1,1,,,,267.5,0,0,0,0.0
10,24,1,1,,,,267.5,0,0,0,0.0
10,1,2,1,,,,272.5,0,0,0,0.0
10,2,2,1,,,,278.0,0,0,0,0.0
10,3,2,1,,,,283.5,0,0,0,0.0
10,4,2,1,,,,288.0,0,0,0,0.0
10,5,2,1,,,,291.5,0,0,0,0.0
10,6,2,1,,,,295.5,0,0,0,0.0
10,7,2,1,,,,323.5,0,0,0,26.0
10,8,2,1,,,,334.5,0,0,0,230.0
10,9,2,1,,,,379.5,0,0,0,505.0
10,10,2,1,,,,366.5,0,0,0,590.0
10,11,2,1,,,,356.5,0,0,0,532.0
10,12,2,1,,,,372.0,0,0,0,308.0
10,13,2,1,,,,372.0,0,0,0,225.0
10,14,2,1,,,,365.0,0,0,0,176.0
10,15,2,1,,,,363.5,0,0,0,131.0
10,16,2,1,,,,354.5,0,0,0,48.0
10,17,2,1,,,,337.0,0,0,0,0.0
10,18,2,1,,,,325.0,0,0,0,0.0
10,19,2,1,,,,311.0,0,0,0,0.0
10,20,2,1,,,,291.0,0,0,0,0.0
10,21,2,1,,,,284.5,0,0,0,0.0
10,22,2,1,,,,281.5,0,0,0,0.0
10,23,2,1,,,,283.5,0,0,0,0.0
10,24,2,1,,,,288.0,0,0,0,0.0
10,1,3,1,,,,292.5,0,0,0,0.0
10,2,3,1,,,,285.0,0,0,0,0.0
10,3,3,1,,,,289.0,0,0,0,0.0
10,4,3,1,,,,297.0,0,0,0,0.0
10,5,3,1,,,,301.5,0,0,0,0.0
10,6,3,1,,,,313.0,0,0,0,0.0
10,7,3,1,,,,336.5,0,0,0,50.0
10,8,3,1,,,,346.0,0,0,0,157.0
10,9,3,1,,,,374.0,0,0,0,321.0
10,10,3,1,,,,384.5,0,0,0,364.0
10,11,3,1,,,,381.5,0,0,0,381.0
10,12,3,1,,,,377.5,0,0,0,285.0
10,13,3,1,,,,376.0,0,0,0,289.0
10,14,3,1,,,,386.0,0,0,0,269.0
10,15,3,1,,,,371.0,0,0,0,109.0
10,16,3,1,,,,351.5,0,0,0,23.0
10,17,3,1,,,,351.0,0,0,0,0.0
10,18,3,1,,,,336.0,0,0,0,0.0
10,19,3,1,,,,312.5,0,0,0,0.0
10,20,3,1,,,,295.5,0,0,0,0.0
10,21,3,1,,,,290.0,0,0,0,0.0
10,22,3,1,,,,286.5,0,0,0,0.0
10,23,3,1,,,,274.5,0,0,0,0.0
10,24,3,1,,,,274.0,0,0,0,0.0
10,1,4,1,,,,274.0,0,0,0,0.0
10,2,4,1,,,,278.5,0,0,0,0.0
10,3,4,1,,,,286.5,0,0,0,0.0
10,4,4,1,,,,295.5,0,0,0,0.0
10,5,4,1,,,,298.5,0,0,0,0.0
10,6,4,1,,,,306.0,0,0,0,0.0
10,7,4,1,,,,335.0,0,0,0,31.0
10,8,4,1,,,,355.5,0,0,0,299.0
10,9,4,1,,,,367.0,0,0,0,593.0
10,10,4,1,,,,371.5,0,0,0,750.0
10,11,4,1,,,,362.0,0,0,0,794.0
10,12,4,1,,,,359.5,0,0,0,664.0
10,13,4,1,,,,365.0,0,0,0,660.0
10,14,4,1,,,,358.5,0,0,0,690.0
10,15,4,1,,,,349.0,0,0,0,576.0
10,16,4,1,,,,340.5,0,0,0,265.0
10,17,4,1,,,,335.5,0,0,0,0.0
10,18,4,1,,,,323.5,0,0,0,0.0
10,19,4,1,,,,303.5,0,0,0,0.0
10,20,4,1,,,,281.0,0,0,0,0.0
10,21,4,1,,,,276.5,0,0,0,0.0
10,22,4,1,,,,278.0,0,0,0,0.0
10,23,4,1,,,,269.0,0,0,0,0.0
10,24,4,1,,,,273.5,0,0,0,0.0
10,1,5,1,,,,277.5,0,0,0,0.0
10,2,5,1,,,,278.5,0,0,0,0.0
10,3,5,1,,,,279.0,0,0,0,0.0
10,4,5,1,,,,288.5,0,0,0,0.0
10,5,5,1,,,,294.0,0,0,0,0.0
10,6,5,1,,,,301.0,0,0,0,0.0
10,7,5,1,,,,326.5,0,0,0,9.0
10,8,5,1,,,,341.0,0,0,0,43.0
10,9,5,1,,,,358.0,0,0,0,77.0
10,10,5,1,,,,371.5,0,0,0,75.0
10,11,5,1,,,,354.0,0,0,0,82.0
10,12,5,1,,,,356.5,0,0,0,87.0
10,13,5,1,,,,354.0,0,0,0,61.0
10,14,5,1,,,,360.5,0,0,0,31.0
10,15,5,1,,,,351.5,0,0,0,39.0
10,16,5,1,,,,351.0,0,0,0,5.0
10,17,5,1,,,,336.0,0,0,0,0.0
10,18,5,1,,,,322.0,0,0,0,0.0
10,19,5,1,,,,297.5,0,0,0,0.0
10,20,5,1,,,,280.0,0,0,0,0.0
10,21,5,1,,,,276.5,0,0,0,0.0
10,22,5,1,,,,273.5,0,0,0,0.0
10,23,5,1,,,,271.5,0,0,0,0.0
10,24,5,1,,,,273.0,0,0,0,0.0
10,1,6,1,,,,273.0,0,0,0,0.0
10,2,6,1,,,,269.5,0,0,0,0.0
10,3,6,1,,,,268.0,0,0,0,0.0
10,4,6,1,,,,275.0,0,0,0,0.0
10,5,6,1,,,,288.0,0,0,0,0.0
10,6,6,1,,,,287.5,0,0,0,0.0
10,7,6,1,,,,308.0,0,0,0,10.0
10,8,6,1,,,,330.0,0,0,0,52.0
10,9,6,1,,,,362.0,0,0,0,130.0
10,10,6,1,,,,362.0,0,0,0,319.0
10,11,6,1,,,,345.0,0,0,0,634.0
10,12,6,1,,,,356.5,0,0,0,822.0
10,13,6,1,,,,364.5,0,0,0,819.0
10,14,6,1,,,,350.5,0,0,0,776.0
10,15,6,1,,,,348.0,0,0,0,664.0
10,16,6,1,,,,342.0,0,0,0,246.0
10,17,6,1,,,,323.0,0,0,0,0.0
10,18,6,1,,,,320.5,0,0,0,0.0
10,19,6,1,,,,305.5,0,0,0,0.0
10,20,6,1,,,,290.0,0,0,0,0.0
10,21,6,1,,,,273.5,0,0,0,0.0
10,22,6,1,,,,267.5,0,0,0,0.0
10,23,6,1,,,,266.5,0,0,0,0.0
10,24,6,1,,,,265.5,0,0,0,0.0
10,1,7,1,,,,264.5,0,0,0,0.0
10,2,7,1,,,,271.5,0,0,0,0.0
10,3,7,1,,,,269.0,0,0,0,0.0
10,4,7,1,,,,270.0,0,0,0,0.0
10,5,7,1,,,,267.5,0,0,0,0.0
10,6,7,1,,,,269.0,0,0,0,0.0
10,7,7,1,,,,278.0,0,0,0,3.0
10,8,7,1,,,,283.5,0,0,0,47.0
10,9,7,1,,,,289.0,0,0,0,72.0
10,10,7,1,,,,290.0,0,0,0,68.0
10,11,7,1,,,,295.0,0,0,0,94.0
10,12,7,1,,,,299.5,0,0,0,174.0
10,13,7,1,,,,293.0,0,0,0,316.0
10,14,7,1,,,,286.5,0,0,0,319.0
10,15,7,1,,,,281.5,0,0,0,189.0
10,16,7,1,,,,286.0,0,0,0,35.0
10,17,7,1,,,,283.0,0,0,0,0.0
10,18,7,1,,,,280.5,0,0,0,0.0
10,19,7,1,,,,277.0,0,0,0,0.0
10,20,7,1,,,,276.5,0,0,0,0.0
10,21,7,1,,,,273.0,0,0,0,0.0
10,22,7,1,,,,271.0,0,0,0,0.0
10,23,7,1,,,,271.5,0,0,0,0.0
10,24,7,1,,,,279.5,0,0,0,0.0
10,1,1,0,,,,272.0,0,0,0,0.0
10,2,1,0,,,,275.0,0,0,0,0.0
10,3,1,0,,,,276.5,0,0,0,0.0
10,4,1,0,,,,274.0,0,0,0,0.0
10,5,1,0,,,,276.0,0,0,0,0.0
10,6,1,0,,,,272.5,0,0,0,0.0
10,7,1,0,,,,271.0,0,0,0,77.0
10,8,1,0,,,,270.0,0,0,0,421.0
10,9,1,0,,,,271.0,0,0,0,658.0
10,10,1,0,,,,272.0,0,0,0,758.0
10,11,1,0,,,,277.0,0,0,0,802.0
10,12,1,0,,,,277.5,0,0,0,807.0
10,13,1,0,,,,277.5,0,0,0,786.0
10,14,1,0,,,,276.5,0,0,0,709.0
10,15,1,0,,,,275.5,0,0,0,586.0
10,16,1,0,,,,275.5,0,0,0,136.0
10,17,1,0,,,,276.0,0,0,0,0.0
10,18,1,0,,,,284.5,0,0,0,0.0
10,19,1,0,,,,281.0,0,0,0,0.0
10,20,1,0,,,,277.5,0,0,0,0.0
10,21,1,0,,,,269.5,0,0,0,0.0
10,22,1,0,,,,263.0,0,0,0,0.0
10,23,1,0,,,,261.0,0,0,0,0.0
10,24,1,0,,,,262.0,0,0,0,0.0
10,1,2,0,,,,262.0,0,0,0,0.0
10,2,2,0,,,,268.0,0,0,0,0.0
10,3,2,0,,,,271.0,0,0,0,0.0
10,4,2,0,,,,277.5,0,0,0,0.0
10,5,2,0,,,,280.5,0,0,0,0.0
10,6,2,0,,,,281.0,0,0,0,0.0
10,7,2,0,,,,287.0,0,0,0,13.0
10,8,2,0,,,,315.5,0,0,0,81.0
10,9,2,0,,,,344.5,0,0,0,181.0
10,10,2,0,,,,355.5,0,0,0,409.0
10,11,2,0,,,,342.5,0,0,0,504.0
10,12,2,0,,,,347.5,0,0,0,426.0
10,13,2,0,,,,343.0,0,0,0,292.0
10,14,2,0,,,,336.0,0,0,0,159.0
10,15,2,0,,,,349.0,0,0,0,61.0
10,16,2,0,,,,364.0,0,0,0,5.0
10,17,2,0,,,,345.0,0,0,0,0.0
10,18,2,0,,,,340.0,0,0,0,0.0
10,19,2,0,,,,322.0,0,0,0,0.0
10,20,2,0,,,,306.5,0,0,0,0.0
10,21,2,0,,,,286.0,0,0,0,0.0
10,22,2,0,,,,279.0,0,0,0,0.0
10,23,2,0,,,,277.0,0,0,0,0.0
10,24,2,0,,,,280.0,0,0,0,0.0
10,1,3,0,,,,276.5,0,0,0,0.0
10,2,3,0,,,,280.0,0,0,0,0.0
10,3,3,0,,,,280.5,0,0,0,0.0
10,4,3,0,,,,285.5,0,0,0,0.0
10,5,3,0,,,,295.0,0,0,0,0.0
10,6,3,0,,,,297.0,0,0,0,0.0
10,7,3,0,,,,306.0,0,0,0,8.0
10,8,3,0,,,,329.5,0,0,0,63.0
10,9,3,0,,,,342.5,0,0,0,140.0
10,10,3,0,,,,366.5,0,0,0,153.0
10,11,3,0,,,,368.0,0,0,0,146.0
10,12,3,0,,,,371.0,0,0,0,151.0
10,13,3,0,,,,369.0,0,0,0,117.0
10,14,3,0,,,,365.0,0,0,0,70.0
10,15,3,0,,,,374.5,0,0,0,34.0
10,16,3,0,,,,366.5,0,0,0,2.0
10,17,3,0,,,,343.0,0,0,0,0.0
10,18,3,0,,,,337.0,0,0,0,0.0
10,19,3,0,,,,326.0,0,0,0,0.0
10,20,3,0,,,,308.0,0,0,0,0.0
10,21,3,0,,,,290.0,0,0,0,0.0
10,22,3,0,,,,284.5,0,0,0,0.0
10,23,3,0,,,,286.0,0,0,0,0.0
